序号,题目ID,题目,答案,采集时间,来源
1,936299034,1. 水在生物体中的主要作用是什么？,作为溶剂,2026-09-18 20:46:35,错题采集
2,936299046,1. 下列分子中，哪一个是极性分子？,水（H2O）,2026-09-18 20:46:35,错题采集
3,936299057,3. 水分子之间存在哪种类型的非共价相互作用？,氢键,2026-09-18 20:46:35,错题采集
4,936299075,水是很好的溶剂，因此它可以溶解所有物质。,错,2026-09-18 20:46:35,错题采集
5,936299088,5. 水的哪个特性使其在生物体中具有调节温度的作用？,高比热容,2026-09-18 20:46:35,错题采集
6,936299096,5. 判断题：水的pH值对生物体的生理活动有重要影响。,对,2026-09-18 20:46:35,错题采集
7,936299895,1. 以下哪种氨基酸是必需氨基酸？,赖氨酸,2026-09-18 20:48:35,错题采集
8,936299896,2. 以下哪种氨基酸属于酸性氨基酸？,谷氨酸,2026-09-18 20:48:35,错题采集
9,936299900,5. 以下哪种氨基酸是芳香族氨基酸？,色氨酸,2026-09-18 20:48:35,错题采集
10,936300034,5. 单选题：下列哪种氨基酸疏水性较强？,色氨酸,2026-09-18 20:48:35,错题采集
11,936301054,"4. 单选题：在氨基酸的三字母缩写中，""Gly""代表的氨基酸是：",甘氨酸,2026-09-18 20:48:35,错题采集
12,928993192,胃蛋白酶的等电点是1.0-2.5，这是由( )决定的。,氨基酸的种类和数量,2026-09-18 20:49:57,错题采集
13,928993194,蛋白质在280nm有最大特征吸收峰，是由于含有的( )氨基酸残基。,芳香族,2026-09-18 20:49:57,错题采集
14,936299704,以下哪种氨基酸是必需氨基酸？,赖氨酸,2026-09-18 20:49:57,错题采集
15,936299708,以下哪种氨基酸的R基含有一个硫原子？,半胱氨酸,2026-09-18 20:49:57,错题采集
16,936300116,3. 在氨基酸的离子交换柱层析中，以下哪种氨基酸的洗脱顺序最不确定？,亮氨酸,2026-09-18 20:51:49,错题采集
17,936300119,4. 在氨基酸的阳离子交换柱层析中，以下哪种氨基酸的洗脱需要较高的离子强度？,精氨酸,2026-09-18 20:51:49,错题采集
18,936300995,1. 判断题：氨基酸的薄层层析是一种定量分析方法。,错,2026-09-18 20:51:49,错题采集
19,936300998,2. 判断题：在进行氨基酸分离的离子交换层析中，所有的氨基酸都会在相同的速度下移动。,错,2026-09-18 20:51:49,错题采集
20,936300999,2. 判断题：在氨基酸的薄层层析中，所有的氨基酸都会在相同的速度下移动。,错,2026-09-18 20:51:49,错题采集
21,936299495,下列哪些是生物化学研究的主要领域？,蛋白质结构与功能；基因表达调控；细胞信号传导；酶的催化机制；植物光合作用,2026-09-18 21:13:18,错题采集
22,936299543,1. 判断题：生物化学是研究生物体内化学过程的科学。,对,2026-09-18 21:13:18,错题采集
23,936299551,2. 判断题：生物化学的起源可以追溯到18世纪初。,错,2026-09-18 21:13:18,错题采集
24,936299564,生物化学中，哪个分子被认为是生命起源的关键分子？,RNA,2026-09-18 21:13:18,错题采集
25,936299574,1. 单选题：生物化学在以下哪个学科中发挥了基础性作用？,遗传学,2026-09-18 21:13:18,错题采集
26,936299578,5. 单选题：在食品科学中，生物化学对于以下哪个方面的研究至关重要？,所有以上选项,2026-09-18 21:13:18,错题采集
27,940933855,以下哪种生物分子具有疏水性和亲水性区域，因而能够形成双层膜结构？,磷脂,2026-09-18 21:15:42,错题采集
28,940933837,在生物分子中，核酸的基本组成单位是什么？,核苷酸,2026-09-18 21:16:11,错题采集
29,940933824,以下哪种生物分子主要由碳、氢、氧三种元素构成？,脂肪酸,2026-09-18 21:16:11,错题采集
30,936299679,1. 以下哪个元素不是生物分子的主要组成元素？,铁（Fe）,2026-09-18 21:16:11,错题采集
31,936299693,生物分子中最常见的元素是什么？,碳（C）,2026-09-18 21:16:11,错题采集
32,936299689,1. 判断题：生物分子主要由重元素组成。,错,2026-09-18 21:16:11,错题采集
33,940933840,以下关于蛋白质结构的叙述，哪一项是正确的？,二级结构包括α螺旋和β折叠,2026-09-18 21:16:11,错题采集
34,936303401,2. 单选题：在pH 7.0的溶液中，以下哪种氨基酸的侧链不带电？,甘氨酸（Gly）,2026-09-18 21:18:03,错题采集
35,936303389,2. 下列哪种氨基酸的侧链是极性的？,天冬氨酸（Asp）,2026-09-18 21:18:03,错题采集
36,936303404,4. 单选题：在蛋白质的二级结构中，以下哪种氨基酸的侧链可能有助于形成α-螺旋？,丙氨酸（Ala）,2026-09-18 21:18:03,错题采集
37,936303392,3. 极性氨基酸侧链在蛋白质结构中通常起到什么作用？,形成氢键,2026-09-18 21:18:03,错题采集
38,936303398,1. 单选题：在中性pH条件下，侧链不带电荷的氨基酸有哪些？,丙氨酸（Ala）,2026-09-18 21:18:03,错题采集
39,936303407,1. 以下哪些氨基酸的侧链在中性条件下不带电？,甘氨酸（Gly）；丙氨酸（Ala）,2026-09-18 21:18:03,错题采集
40,936301069,1. 蛋白质的一级结构是指：,蛋白质的氨基酸序列,2026-09-18 21:20:46,错题采集
41,936301072,2. 蛋白质的一级结构由以下哪种化学键连接：,肽键,2026-09-18 21:20:46,错题采集
42,936301075,3. 下列哪种氨基酸不属于蛋白质的20种标准氨基酸：,鸟氨酸,2026-09-18 21:20:46,错题采集
43,936301077,5. 下列哪种疾病主要是由于相关蛋白质的一级结构异常引发的？,镰状细胞性贫血,2026-09-18 21:20:46,错题采集
44,936301080,1. 肽链的方向是从哪个氨基酸开始到哪个氨基酸截止？,N-末端向C-末端,2026-09-18 21:20:46,错题采集
45,936301084,2. 肽链的命名通常基于什么？,肽链的组成氨基酸,2026-09-18 21:20:46,错题采集
46,936301107,1. 单选题：Edman测序法的基本原理是什么？,通过化学方法逐步降解多肽链，每次只降解一个氨基酸,2026-09-18 21:22:33,错题采集
47,936301109,2. 单选题：在Edman测序中，通常使用哪种试剂来识别多肽链的N端氨基酸？,异硫氰酸苯酯（PITC）,2026-09-18 21:22:33,错题采集
48,936301113,5. 单选题：以下哪种技术可以与Edman测序法结合使用，以提高蛋白质序列分析的准确性？,质谱法（Mass Spectrometry）,2026-09-18 21:22:33,错题采集
49,936301128,在蛋白质序列比对分析中，BLAST算法通常用于以下哪种类型的搜索？,蛋白质序列比对,2026-09-18 21:22:33,错题采集
50,936301155,1. 以下哪些数据库是用于存储蛋白质序列的？,PDB (Protein Data Bank)；Swiss-Prot；EMBL；RCSB PDB,2026-09-18 21:22:33,错题采集
51,940871931,Ramachandran图主要用于分析蛋白质的哪个方面？,二面角限制,2026-09-18 21:25:15,错题采集
52,936302792,2. 肽键的二面角φ和ψ的取值范围是多少？,φ和ψ的取值范围都是-180°~180°,2026-09-18 21:25:47,错题采集
53,936301461,Ramachandran图可以用来预测蛋白质的一级结构。,错,2026-09-18 21:25:47,错题采集
54,936302798,4. 在多肽链中，哪个氨基酸残基的二面角φ和ψ值对蛋白质结构的影响最大？,脯氨酸（Pro）,2026-09-18 21:25:47,错题采集
55,936301448,1. Ramachandran plot主要用于分析蛋白质的哪个方面？,空间构象,2026-09-18 21:25:47,错题采集
56,936301468,Ramachandran是印度著名的物理学家，他的主要贡献在于量子力学领域。,错,2026-09-18 21:25:47,错题采集
57,936302790,1. 蛋白质肽链中的二面角是什么？,蛋白质肽链中氨基酸残基Cα两侧的两个肽平面分别围绕N-Cα和Cα—C旋转的角度，被称为一对二面角。,2026-09-18 21:25:47,错题采集
58,936302015,1. 以下哪个不是蛋白质结构域的分类？,核糖体RNA,2026-09-18 21:28:40,错题采集
59,936302093,1. 单选题：在生物信息学中，模体（motif）通常指的是什么？,蛋白质中的特定氨基酸序列,2026-09-18 21:28:40,错题采集
60,936302117,2. 单选题：在蛋白质结构中，结构域（domain）通常指的是什么？,蛋白质中的一个独立折叠单元,2026-09-18 21:28:40,错题采集
61,936303259,5. 以下哪个选项不是蛋白质模体的发现方法？,基因克隆,2026-09-18 21:28:40,错题采集
62,936303265,2. 以下哪项不是蛋白质结构域的生物学功能？,储存遗传信息,2026-09-18 21:28:40,错题采集
63,936302090,1. 单选题：蛋白质的三级结构主要取决于以下哪种相互作用？,疏水作用,2026-09-18 21:38:50,错题采集
64,936302247,2. 单选题：在蛋白质的三级结构中，以下哪种氨基酸残基通常位于蛋白质的表面？,赖氨酸,2026-09-18 21:38:50,错题采集
65,936302251,5. 单选题：蛋白质的三级结构对于其生物学功能至关重要，以下哪种说法是正确的？,三级结构有助于蛋白质发挥其识别、催化以及其他功能,2026-09-18 21:38:50,错题采集
66,936302275,5. 以下哪些因素可以导致蛋白质三级结构的改变？,维持蛋白质正确三维结构的关键氨基酸残基突变；翻译后修饰；蛋白质降解,2026-09-18 21:38:50,错题采集
67,936302288,2. 单选题：肌红蛋白中负责氧结合的金属元素是？,铁,2026-09-18 21:38:50,错题采集
68,936302722,5. 判断题：蛋白质的四级结构在细胞内形成后，就不再发生变化。,错,2026-09-18 21:40:23,错题采集
69,936302417,血红蛋白在氧气浓度高的地方容易与氧气结合，由于别构效应，其在组织氧分压下，易于快速卸载氧气，这种特性有利于其发挥输送氧的功能。,对,2026-09-18 21:40:40,错题采集
70,936302312,2. 单选题：在蛋白质的四级结构中，亚基间的相互作用主要通过以下哪种力实现？,所有上述选项,2026-09-18 21:41:04,错题采集
71,936302310,1. 单选题：蛋白质的四级结构是指：,多个多肽链的聚集,2026-09-18 21:41:04,错题采集
72,936302334,4. 血红蛋白亚基间的协同效应在以下哪些情况下会受到影响？,"2,3-二磷酸甘油酸（2,3-BPG）浓度升高；二氧化碳浓度升高；温度升高；pH值降低",2026-09-18 21:41:04,错题采集
73,936302328,1. 血红蛋白亚基间的协同效应主要表现在以下哪些方面？,氧结合曲线呈S形；氧解离曲线呈S形,2026-09-18 21:41:04,错题采集
74,936302318,1. 血红蛋白亚基间协同效应的描述，以下哪项是正确的？,血红蛋白亚基间的协同效应是指氧气结合到一个亚基后，会促进其他亚基的氧气结合能力。,2026-09-18 21:41:04,错题采集
75,936302720,3. 判断题：蛋白质的四级结构仅由氢键维持。,错,2026-09-18 21:41:04,错题采集
76,936302800,1. 单选题：在蛋白质的氨基酸残基中，哪种氨基酸残基通常具有酸性特性？,谷氨酸（Glu）,2026-09-18 21:42:17,错题采集
77,936302807,3. 单选题：在蛋白质的三级结构中，哪种类型的氨基酸残基通常有助于稳定蛋白质的折叠？,疏水性氨基酸（如亮氨酸）,2026-09-18 21:42:33,错题采集
78,936303194,1. 单选题：蛋白质胶体的等电点是指：,胶体溶液中蛋白质分子净电荷为零时溶液的pH值,2026-09-18 21:42:33,错题采集
79,936302968,3. 判断题：蛋白质的酸碱变性一定是可逆的。,错,2026-09-18 21:42:33,错题采集
80,936302976,1. 蛋白质的溶解度与离子强度无关。,错,2026-09-18 21:42:33,错题采集
81,936303315,4. 在蛋白质分离纯化过程中，以下哪些方法可以用来去除蛋白质样品中的核酸污染？,苯酚-氯仿抽提；RNA酶处理,2026-09-18 21:51:31,错题采集
82,940873674,以下关于β-折叠的描述哪些是正确的？,平行β-折叠中，两条肽链的方向相同；反平行β-折叠的氢键更加稳定；β-折叠的结构通常出现在纤维蛋白中,2026-09-18 21:55:05,错题采集
83,936301795,4. 单选题：α-螺旋结构中，每个氨基酸残基沿螺旋轴上升的距离大约为：,0.15纳米,2026-09-18 21:55:56,错题采集
84,936301788,1. 单选题：蛋白质的二级结构主要由哪种化学键稳定？,氢键,2026-09-18 21:56:21,错题采集
85,936301806,蛋白质的二级结构不包括β-转角和无规则卷曲。,错,2026-09-18 21:56:21,错题采集
86,940873669,关于蛋白质的二级结构，下列说法正确的是：,α-螺旋通过氢键维持其稳定性；β-折叠可以分为平行和反平行两种类型；在α-螺旋中，每个氨基酸残基沿螺旋轴旋转约100°,2026-09-18 21:56:21,错题采集
87,936301810,3. β-折叠是蛋白质二级结构的一种，其特点是氨基酸残基通过______相互作用形成平行或反平行的折叠结构。,氢键,2026-09-18 21:56:21,错题采集
88,936301798,1. 蛋白质二级结构的主要类型包括哪些？,α-螺旋；β-折叠；无规则卷曲,2026-09-18 21:56:21,错题采集
89,936301791,2. 单选题：以下哪种不是蛋白质二级结构的类型？,锌指结构,2026-09-18 21:56:21,错题采集
90,936303359,1. 单选题：蛋白质盐析过程中，通常使用的盐类是？,硫酸铵,2026-09-18 21:57:10,错题采集
91,936303337,5. 蛋白质在有机溶剂中的溶解度与其什么性质有关？,蛋白质的疏水性相互作用,2026-09-18 21:57:34,错题采集
92,936302971,1. 单选题：盐析会对蛋白质的溶解度产生影响，导致哪些现象发生？,溶解度降低,2026-09-18 21:57:53,错题采集
93,936303310,1. 在蛋白质分离纯化的初期阶段，以下哪些步骤是常用的？,细胞破碎；蛋白质提取；蛋白质沉淀,2026-09-18 21:57:53,错题采集
94,936303322,1. 单选题： 蛋白质分离纯化过程中，盐析法通常用于哪个阶段？,初步分离,2026-09-18 21:57:53,错题采集
95,936303349,3. 蛋白质变性沉淀后，其生物活性会如何变化？,减少或消失,2026-09-18 21:57:53,错题采集
96,936303356,1. 蛋白质变性沉淀的原因可能包括哪些因素？,温度升高；酸、碱或盐浓度变化；机械搅拌；紫外线照射,2026-09-18 21:57:53,错题采集
97,936303345,2. 哪种物质可以引起蛋白质的变性沉淀？,尿素,2026-09-18 21:57:53,错题采集
98,936303289,2. 单选题：在蛋白质分离纯化中，凝胶过滤层析通常用于：,根据蛋白质的分子量差异进行分离,2026-09-18 21:58:16,错题采集
99,936302978,1. 蛋白质的大小通常用哪个单位来表示？,道尔顿（Da）,2026-09-18 21:58:52,错题采集
100,936303312,2. 在蛋白质分离纯化过程中，以下哪些方法可以用来根据蛋白质的分子大小进行分离？,凝胶过滤层析；超滤,2026-09-18 21:58:52,错题采集
101,928993199,在蛋白质分离纯化过程中，透析通常用来( )。,蛋白质脱盐,2026-09-18 21:58:52,错题采集
102,928993200,利用凝胶过滤层析分离纯化蛋白质，( )的蛋白质更早被洗脱下来？,分子量大,2026-09-18 21:58:52,错题采集
103,936303295,3. 单选题：在蛋白质分离纯化过程中，等电点沉淀法是基于蛋白质的哪种特性？,电荷,2026-09-18 21:59:16,错题采集
104,936303720,4. 单选题：在蛋白质电泳中，哪种因素会影响蛋白质根据电荷分离？,电泳缓冲液的pH值,2026-09-18 21:59:36,错题采集
105,936303196,3. 单选题：蛋白质分子的表面电荷主要来源于：,氨基酸残基的侧链,2026-09-18 21:59:51,错题采集
106,936303614,3. 单选题：在双向电泳中，第一向电泳通常使用的是哪种分离技术？,等电聚焦电泳,2026-09-18 21:59:51,错题采集
107,936303324,3. 单选题： 离子交换色谱法在蛋白质分离纯化中的主要作用是：,根据蛋白质的电荷差异进行分离,2026-09-18 21:59:51,错题采集
108,936303428,3. 在亲和层析中，洗脱条件的选择主要取决于什么？,配体的亲和力,2026-09-18 22:02:04,错题采集
109,936303440,1. 疏水相互作用层析（HIC）中，蛋白质的疏水性主要影响其与哪种介质的相互作用？,疏水相互作用介质,2026-09-18 22:02:04,错题采集
110,936303297,4. 单选题：在蛋白质分离纯化中，亲和层析通常用于：,根据蛋白质与特定配体的结合能力进行分离,2026-09-18 22:02:22,错题采集
111,936303331,1. 以下哪些方法可以用来分离纯化蛋白质？,凝胶过滤层析；离子交换层析；亲和层析；离心分离；超滤,2026-09-18 22:02:22,错题采集
112,936303432,5. 亲和层析在生物大分子分离纯化中的应用主要包括哪些方面？,所有以上选项,2026-09-18 22:02:22,错题采集
113,936303431,4. 在亲和层析中，样品的加载量对分离效果有什么影响？,样品加载量需要控制在适当的范围内,2026-09-18 22:02:22,错题采集
114,936303423,1. 亲和层析中，配体与目标分子之间的相互作用是什么类型的？,非共价键,2026-09-18 22:02:22,错题采集
115,936303437,1. 羟基磷灰石层析是一种常用的生物大分子分离纯化技术，其主要原理是什么？,根据分子电荷进行分离,2026-09-18 22:02:22,错题采集
116,936303498,3. 蛋白质电泳的样品制备过程中，通常需要进行蛋白质的变性处理，以消除蛋白质分子的高级结构，使其在电场中能够均匀迁移。常用的变性剂包括尿素、盐酸胍，常用的打断蛋白质中二硫键的试剂是_________。,二硫苏糖醇；二硫赤藓糖醇；DTT；巯基乙醇,2026-09-18 22:05:26,错题采集
117,928993205,双向电泳整合了下列哪几项技术？( ),等电聚焦和SDS-PAGE,2026-09-18 22:05:44,错题采集
118,936303494,在蛋白质SDS-PAGE电泳中，样品缓冲液中的还原剂，如β-巯基乙醇可以用来破坏蛋白质中的二硫键。,对,2026-09-18 22:05:44,错题采集
119,936303485,3. 蛋白质电泳中，样品缓冲液的作用是什么？,使蛋白质变性,2026-09-18 22:06:03,错题采集
120,936303489,4. 蛋白质电泳中，分子量标记（加入标准分子量蛋白）的作用是什么？,确定蛋白质的分子量,2026-09-18 22:06:03,错题采集
121,936303477,1. 蛋白质电泳中常用的分离技术是什么？,聚丙烯酰胺凝胶电泳（SDS-PAGE）,2026-09-18 22:06:03,错题采集
122,936303575,5. Western blot实验中，用于定量分析蛋白质表达量的方法是：,灰度分析,2026-09-18 22:07:27,错题采集
123,928993210,免疫印迹整合了下列哪几项技术？( ),SDS-PAGE和抗原抗体结合,2026-09-18 22:07:45,错题采集
124,936303571,5. 在ELISA实验中，为什么需要使用封闭液？,减少非特异性结合,2026-09-18 22:07:45,错题采集
125,936303201,5. 在蛋白质免疫化学分析中，哪种类型的抗体具有较高的特异性？,单克隆抗体,2026-09-18 22:08:05,错题采集
126,936303566,2. 在间接ELISA中，第二抗体的作用是什么？,与第一抗体结合，形成复合物,2026-09-18 22:08:05,错题采集
127,936303574,1. Western blot技术中，用于检测蛋白质的抗体是：,一抗,2026-09-18 22:08:05,错题采集
128,936303204,1. 以下哪些因素会影响蛋白质的免疫化学性质？,氨基酸序列；蛋白质的大小；蛋白质的空间结构；蛋白质的糖基化修饰,2026-09-18 22:08:05,错题采集
129,936303210,2. 蛋白质的糖基化修饰不会影响其免疫化学性质。,错,2026-09-18 22:08:05,错题采集
130,936303561,1. ELISA实验中，酶标记的抗体与待测抗原结合后，通常使用哪种物质来显色？,酶底物,2026-09-18 22:08:05,错题采集
131,936303308,5. 单选题：在蛋白质分离纯化过程中，SDS-PAGE是一种常用的方法，其主要原理是什么？,根据蛋白质的分子量进行分离,2026-09-18 22:09:03,错题采集
132,936303602,5. 在蛋白质纯度测定中，以下哪种方法可以用于检测蛋白质的磷酸化修饰？,质谱分析（MS）,2026-09-18 22:09:03,错题采集
133,936303990,3. 判断题：在SDS-PAGE中，所有蛋白质的迁移速度都是相同的。,错,2026-09-18 22:10:30,错题采集
134,936303978,2. 在凝胶过滤色谱法中，样品的洗脱顺序是：,从大到小,2026-09-18 22:11:04,错题采集
135,936303586,1. 蛋白质纯度测定中，常用的方法之一是SDS-聚丙烯酰胺凝胶电泳（SDS-PAGE）。以下哪种蛋白质在SDS-PAGE中迁移速度最慢？,血清白蛋白（分子量约66kDa）,2026-09-18 22:11:04,错题采集
136,936303983,1. 单选题：SDS-PAGE电泳中，蛋白质的迁移速度主要取决于以下哪个因素？,蛋白质的分子量,2026-09-18 22:11:04,错题采集
137,936303594,2. 以下哪种方法可以用于测定蛋白质的纯度和相对分子质量？,质谱分析（MS）,2026-09-18 22:11:04,错题采集
138,936303962,3. 单选题：在密度梯度离心中，常用的密度梯度介质有哪些？,所有选项都是,2026-09-18 22:11:04,错题采集
139,936303781,4. 在使用考马斯亮蓝法测定蛋白质含量时，需要注意哪些因素以保证结果的准确性？,所有以上因素,2026-09-18 22:11:44,错题采集
140,936303320,5. 在蛋白质分离纯化过程中，以下哪些方法可以用来确定蛋白质的纯度和浓度？,SDS-PAGE；质谱分析；双向电泳；纳米液相色谱-串联质谱,2026-09-18 22:12:01,错题采集
141,936303763,1. 以下哪种物质是Bradford法中常用的染料？,Coomassie Brilliant Blue G-250,2026-09-18 22:12:01,错题采集
142,936303753,4. 在蛋白质定量分析紫外线吸收法中，为什么需要使用适当的稀释倍数？,为了使吸光度在测量范围内,2026-09-18 22:12:01,错题采集
143,936303767,2. Bradford法中，蛋白质与染料结合后，吸光度的变化主要发生在哪个波长？,595 nm,2026-09-18 22:12:01,错题采集
144,936303750,1. 蛋白质定量分析紫外线吸收法中，蛋白质的最大吸收波长是多少？,280 nm,2026-09-18 22:12:01,错题采集
145,936303773,1. 凯式定氮法中，蛋白质的氮含量是如何计算的？,通过测量样品中的总氮含量，再根据蛋白质的氮含量比例计算,2026-09-18 22:12:01,错题采集
146,936304204,5. Alphafold在蛋白质结构研究中的应用有哪些？,所有以上选项,2026-09-18 22:12:46,错题采集
147,936303803,2. 单选题：核磁共振（NMR）光谱法在蛋白质结构研究中的主要优势是什么？,可以研究蛋白质的动态变化,2026-09-18 22:13:22,错题采集
148,936303849,2. 在冷冻电镜样品制备过程中，以下哪些步骤是必要的？,蛋白质样品的纯化；蛋白质样品的快速冷冻,2026-09-18 22:13:22,错题采集
149,936303851,4. 以下哪些因素可能影响冷冻电镜的分辨率？,样品的纯度；样品的厚度；电子束的能量；显微镜的校准,2026-09-18 22:13:22,错题采集
150,936304199,1. Alphafold是一种基于什么算法的蛋白质结构预测方法？,机器学习,2026-09-18 22:13:22,错题采集
151,936304201,2. Alphafold预测蛋白质结构时，主要考虑了哪些因素？,氨基酸序列,2026-09-18 22:13:22,错题采集
152,936303799,1. 单选题：X射线晶体学是研究蛋白质三维结构的一种常用方法。以下哪项是X射线晶体学的关键步骤？,蛋白质的结晶,2026-09-18 22:13:22,错题采集
153,936303884,5. 质谱分析在蛋白质互作鉴定中的应用包括哪些方面？,蛋白质鉴定；蛋白质定量；蛋白质修饰分析；蛋白质复合物分析,2026-09-18 22:14:43,错题采集
154,936303867,2. 在酵母双杂交实验中，以下哪些因素可能影响实验结果？,报告基因的选择；自激活问题；转染效率；蛋白质稳定性,2026-09-18 22:15:28,错题采集
155,936303878,4. 表面等离子共振实验中，以下哪些因素会影响实验结果？,蛋白质的浓度；缓冲液的pH值；温度；表面修饰,2026-09-18 22:15:28,错题采集
156,936303820,3. 以下哪些方法可用于蛋白质-蛋白质相互作用的研究？,表面等离子共振（SPR）；荧光共振能量转移（FRET）；酵母双杂交；质谱分析,2026-09-18 22:15:28,错题采集
157,936303861,1. 以下哪些方法可用于蛋白质互作的鉴定？,酵母双杂交（Y2H）；免疫共沉淀（Co-IP）；表面等离子共振（SPR）；质谱分析（MS）,2026-09-18 22:15:28,错题采集
158,936303855,1. 以下哪种技术常用于蛋白质互作的鉴定？,免疫沉淀,2026-09-18 22:15:28,错题采集
159,936303873,3. 免疫共沉淀实验中，以下哪些步骤是关键的？,细胞裂解；抗体的选择；蛋白质的洗脱；蛋白质的检测,2026-09-18 22:15:28,错题采集
160,928993224,下列关于酶蛋白与辅因子的叙述，错误的是( )。,一种辅因子只能够与一种酶蛋白结合形成一种全酶。,2026-09-18 22:18:40,错题采集
161,928993234,一种具有催化能力的蛋白质，其本质是免疫球蛋白，但是在易变区被赋于了酶的属性，所以又被称为“催化性抗体”，即具有催化活性的抗体就是抗体酶。,对,2026-09-18 22:18:40,错题采集
162,928993240,所有的酶均是蛋白质。,错,2026-09-18 22:18:40,错题采集
163,936304448,2. 单选题：在酶催化反应中，辅酶与酶（ ）。,通过非共价相互作用而可逆结合,2026-09-18 22:18:40,错题采集
164,936304452,5. 判断题：酶的催化作用是不可逆的。,错,2026-09-18 22:18:40,错题采集
165,936304018,酶的催化效率比无机催化剂高多少倍？,10^8,2026-09-18 22:23:00,错题采集
166,936304033,1. 酶的高效催化能力主要依赖于以下哪些因素？,酶的催化活性中心；酶的三维结构,2026-09-18 22:23:19,错题采集
167,936304179,5. 单选题： 在食品工业中，为了提高酶的稳定性，通常需要采取哪些措施？,添加稳定剂,2026-09-18 22:23:19,错题采集
168,936304072,1. 判断题：酶的活性可以通过改变其结构来调节。,对,2026-09-18 22:23:41,错题采集
169,936304076,1. 单选题： 酶的不稳定性主要体现在其对温度和pH值的敏感性。以下哪种情况最可能导致酶失活？,将酶置于极端酸性或碱性环境,2026-09-18 22:23:59,错题采集
170,936304036,2. 以下哪些因素会影响酶的催化效率？,酶的浓度；底物的浓度；温度；pH值,2026-09-18 22:23:59,错题采集
171,936304022,酶的催化作用通常在哪个部位进行？,酶的活性中心,2026-09-18 22:23:59,错题采集
172,928993217,酶与一般催化剂的共性包括( )。,所有选项均正确,2026-09-18 22:23:59,错题采集
173,928993231,下列有关酶的表述，正确的是( )。,高的催化效率；高度专一性；作用条件温和；在细胞内，其活性受到严格调节,2026-09-18 22:23:59,错题采集
174,936299718,2. 判断题：酶与其底物之间的互作具有立体特异性。,对,2026-09-18 22:23:59,错题采集
175,928993218,EC2.6.1.2是某酶的编号，该酶属于( )。,转移酶类,2026-09-18 22:25:07,错题采集
176,936208014,4. 以下哪种酶属于水解酶？,淀粉酶,2026-09-18 22:25:07,错题采集
177,936338074,下列哪一种酶是转移酶类？,激酶,2026-09-18 22:25:07,错题采集
178,936338076,下列哪些酶属于异构酶类？,葡萄糖-6-磷酸变位酶；磷酸丙糖异构酶,2026-09-18 22:25:07,错题采集
179,928993236,"对于同一种酶而言,比活力越大,酶的纯度越高。",对,2026-09-18 22:25:56,错题采集
180,928993241,酶活力，也被称作酶活性，是指酶催化一定化学反应的能力。,对,2026-09-18 22:25:56,错题采集
181,928993242,酶活力单位是指每mg酶所含酶的活力单位数，U/mg。,错,2026-09-18 22:25:56,错题采集
182,928993245,75μg酶A能够在1min内催化3μmoL产物生成，那么酶A的比活力是40（IU/mg）。,对,2026-09-18 22:25:56,错题采集
183,936211032,酶促反应的速率不受温度的影响。,错,2026-09-18 22:26:45,错题采集
184,936211029,酶促反应的速率只与底物浓度有关。,错,2026-09-18 22:27:02,错题采集
185,928993219,米氏常数的单位是( )。,moL/L,2026-09-18 22:27:02,错题采集
186,928993221,酶促反应速度对底物浓度作图，当底物浓度达一定程度时，得到的是零级反应，对此最恰当解释是( )。,酶的活性部位为底物所饱和,2026-09-18 22:27:02,错题采集
187,928993222,某酶有四种底物(S)，其K M 值如下，则该酶的最适底物为( )。,S2：K M ＝0.12×10 -5 M,2026-09-18 22:27:02,错题采集
188,928993226,下列( )是加入反竞争性抑制剂后的酶促反应动力学方程。,v 0 = V max [S]/ K M + ((1+1/[K I ]) [S]),2026-09-18 22:27:02,错题采集
189,936211030,在酶促反应中，底物浓度越高，反应速率就越快。,错,2026-09-18 22:27:02,错题采集
190,928993215,在酶和底物结合成中间复合物的过程中，底物分子从溶液中密集到活性中心区，并使活性中心的催化基团与底物的反应基团之间定向排列，这种效应就是( )。,邻近定向,2026-09-18 22:28:39,错题采集
191,928993225,金属离子在酶催化反应过程中，具有( ) 的作用。,所有选项均正确,2026-09-18 22:28:39,错题采集
192,928993229,胰凝乳蛋白酶的催化机制包括( )。,邻近定向；酸碱催化；共价催化,2026-09-18 22:28:39,错题采集
193,928993235,活化能是指分子由常态转变为活化状态所需的能量，即1摩尔反应物全部进入活化状态所需的能量。( ),对,2026-09-18 22:28:39,错题采集
194,936338078,酶的活性中心具有下列哪些特点？,占酶分子的很小一部分体积；具有柔性和空间结构；通常位于疏水凹穴中,2026-09-18 22:28:39,错题采集
195,940938061,下列关于酶原激活的叙述中，哪些是正确的？,酶原激活是酶活性调节的一种方式；胰蛋白酶原需要通过水解特定肽键激活；酶原激活通常发生在细胞外,2026-09-18 22:29:55,错题采集
196,936305463,在酶活性的别构调节中，哪种类型的效应物通常会导致酶活性的增强？,激活剂,2026-09-18 22:30:17,错题采集
197,940937607,下列哪些是酶活性调节中的别构调节的特征？,效应物可以是激活剂或抑制剂；常发生在多亚基酶中；别构效应物通常与底物结合位点不同；别构调节是可逆的,2026-09-18 22:30:41,错题采集
198,940937593,以下关于酶活性的调节机制的描述，哪些是正确的？,效应物可以通过与别构酶的调节中心结合别构调节酶的活性；酶的活性可以通过共价修饰被调节；酶原的激活是通过蛋白质水解实现的,2026-09-18 22:30:41,错题采集
199,928993223,酶原之所以没有活性，是因为( )。,活性中心未形成或未折叠成正确构象,2026-09-18 22:30:41,错题采集
200,940937835,关于酶活性调节中通过共价修饰控制的方式，下列描述正确的是？,磷酸化是最常见的可逆共价修饰方式之一；共价修饰通常由特定酶催化；乙酰化可调节某些酶的活性,2026-09-18 22:30:41,错题采集
201,936305449,1. 酶原激活的生理意义是什么？,调节酶的活性,2026-09-18 22:30:41,错题采集
202,936305471,1. 下列哪些是酶活性可逆共价修饰的类型？,磷酸化；甲基化；乙酰化；糖基化；去磷酸化；去乙酰化,2026-09-18 22:30:41,错题采集
203,928993264,维生素C不是辅酶，但是它可以作为还原剂参与细胞代谢。,对,2026-09-18 22:31:29,错题采集
204,928993247,人体缺乏维生素D，可能出现下列哪种病症？( ),佝偻病,2026-09-18 22:36:31,错题采集
205,928993249,在人体内可由胆固醇转化来的维生素是( )。,V D,2026-09-18 22:36:31,错题采集
206,928993262,-胡萝卜素是维生素E的前体。( ),错,2026-09-18 22:36:31,错题采集
207,928993286,所有的碳水化合物都有一个共同的分子式(CH 2 O)n。( ),错,2026-09-18 22:38:50,错题采集
208,936303304,5. 单选题：以下哪种糖在人体内不能被直接吸收？,纤维素,2026-09-18 22:38:50,错题采集
209,936309265,3. 填空题：纤维素是一种多糖，主要存在于植物细胞壁中，虽然不能被人体消化吸收，但是它具有______的作用。,促进肠道蠕动,2026-09-18 22:38:50,错题采集
210,936309267,4. 填空题：______是人体肌肉和肝脏中多糖储存的主要形式。,糖原,2026-09-18 22:38:50,错题采集
211,936335959,糖类在生物体内起着重要的作用，包括（ ）。,结构成分；能源物质；细胞识别；信号分子,2026-09-18 22:38:50,错题采集
212,928993275,结缔组织具有弹性和抗压性是源于其糖胺聚糖( )。,含有大量的羧基和硫酸化的基团,2026-09-18 22:43:27,错题采集
213,936207999,5. 糖醇是一种低热量的甜味剂，可以替代糖使用。（ ）,对,2026-09-18 22:43:27,错题采集
214,936309299,1. 糖醇和糖酸在化学结构上的主要区别是什么？,糖醇含有多个羟基，糖酸含有一个或多个羧基,2026-09-18 22:43:27,错题采集
215,936309303,3. 以下哪个化合物属于糖醇？,甘露醇,2026-09-18 22:43:27,错题采集
216,936309306,5. 以下哪个化合物属于糖酸？,葡萄糖酸,2026-09-18 22:43:27,错题采集
217,936309395,1. 下列化合物中，哪一种是单糖衍生物-糖醇？,甘露醇,2026-09-18 22:43:27,错题采集
218,936309269,5. 填空题：蔗糖是一种二糖，由一分子葡萄糖和一分子______组成。,果糖,2026-09-18 22:48:18,错题采集
219,936309284,1. 以下哪些是常见的二糖？,蔗糖；麦芽糖；乳糖,2026-09-18 22:48:18,错题采集
220,936309287,乳糖是一种非还原性二糖。,错,2026-09-18 22:48:18,错题采集
221,936309289,"3. 填空题：麦芽糖是一种二糖，它是由两个______分子通过α-1,4-糖苷键连接而成的。",葡萄糖,2026-09-18 22:48:18,错题采集
222,936309375,2. 纤维二糖和蔗糖在水解后产生的单糖是什么？,纤维二糖水解后产生两个葡萄糖分子，蔗糖水解后产生一个葡萄糖分子和一个果糖分子。,2026-09-18 22:48:18,错题采集
223,928993263,人体缺乏生物素会导致恶性贫血的产生。,错,2026-09-18 22:56:57,错题采集
224,928993258,辅酶NADP + 分子中含有下列哪种维生素？,烟酰胺（尼克酰胺）,2026-09-18 22:56:57,错题采集
225,928993256,维生素B 1 在体内的活性形式是( )。,TPP,2026-09-18 22:56:57,错题采集
226,928993259,维生素B 2 在体内可转化为下列哪种物质？,FMN；FAD,2026-09-18 22:56:57,错题采集
227,928993251,18世纪早期，糙皮病最先发现在那些以种植和食用玉米为生的欧洲农民身上，这与下列哪种维生素的缺乏有关？( ),维生素PP,2026-09-18 22:56:57,错题采集
228,928993255,( )，也被称为维生素B 7 ，它可以转化为多种羧化酶的辅因子。,生物素,2026-09-18 22:56:57,错题采集
229,936309252,2. 填空题：葡萄糖是一种具有还原性的_______糖，是生物体进行能量代谢的重要物质。,单糖,2026-09-18 23:05:11,错题采集
230,936207757,4. 多糖的糖苷键类型有哪些？,所有以上选项,2026-09-18 23:07:31,错题采集
231,936207771,1. 下列哪些是常见的多糖？,淀粉；纤维素；糖原,2026-09-18 23:07:31,错题采集
232,928993277,"下列哪些物质是将葡萄糖通过 -1,4-糖苷键和 -1,6-糖苷键相连后形成的？( )",淀粉；糖原,2026-09-18 23:07:31,错题采集
233,936207735,2. 杂多糖只存在于植物中，动物体内没有杂多糖。,错,2026-09-18 23:07:31,错题采集
234,936207754,2. 下列哪种多糖不是由葡萄糖组成的？,透明质酸,2026-09-18 23:07:31,错题采集
235,936207783,3. 纤维素是一种多糖，它由什么单糖分子组成？,葡萄糖,2026-09-18 23:07:31,错题采集
236,928993271,下列哪些糖是异多糖？( ),透明质酸,2026-09-18 23:08:25,错题采集
237,928993284,水解后产生多于一种形式的单糖或单糖衍生物的多聚物被称为杂多糖，常见的有几丁质，半纤维素和果胶等。( ),错,2026-09-18 23:08:25,错题采集
238,936207767,5. 下列哪种多糖具有抗凝血作用？,肝素,2026-09-18 23:08:25,错题采集
239,936207996,3. 低聚糖和多糖都是由多个单糖分子组成的。（ ）,对,2026-09-18 23:08:25,错题采集
240,936313307,2. 判断题：肽聚糖由N-乙酰葡萄糖胺和N-乙酰胞嘧啶两种糖组成，并通过肽键连接形成网状结构。,错,2026-09-18 23:09:32,错题采集
241,928993285,糖脂是糖通过半缩醛羟基以糖苷键与脂质连接而成的复合物。,对,2026-09-18 23:10:08,错题采集
242,936313210,透明质酸在护肤品中的主要作用是什么？,保湿,2026-09-18 23:10:08,错题采集
243,928993280,下列是结合糖的物质有( )。,糖蛋白；糖脂；蛋白聚糖,2026-09-18 23:10:08,错题采集
244,936313290,4. 哪种抗生素主要通过抑制肽聚糖合成来发挥作用？,青霉素,2026-09-18 23:10:08,错题采集
245,936313204,透明质酸（HA）是一种高分子二糖聚合物， （ ）。,增强皮肤弹性,2026-09-18 23:10:08,错题采集
246,928993273,在糖蛋白中，碳水化合物总是通过( )与蛋白质相连。,Asn，Ser，Thr,2026-09-18 23:10:08,错题采集
247,928993287,戊糖糖环上的C1 和碱基的( )通过糖苷键缩合形成核苷。,嘧啶碱的N1或嘌呤碱的N9,2026-09-18 23:11:25,错题采集
248,928993307,组成核酸的结构单元通常是3´－单核苷酸。( ),错,2026-09-18 23:11:25,错题采集
249,936206896,4. 以下哪些是核苷酸的降解产物？,磷酸；碱基；脱氧核糖；核糖,2026-09-18 23:11:25,错题采集
250,936206898,5. 以下哪些是核苷酸在生物体内的功能？,作为DNA和RNA的组成单位；作为信号分子；作为酶的辅酶,2026-09-18 23:11:25,错题采集
251,936206902,5. 题目：RNA干扰（RNAi）是一种通过RNA分子降解目标mRNA，从而抑制基因表达的现象。,对,2026-09-18 23:11:25,错题采集
252,928993308,DNA是由4种核糖核苷酸通过3 ，5 -磷酸二酯键相连形成的多核苷酸链。( ),错,2026-09-18 23:12:31,错题采集
253,928993298,下列哪种DNA二级结构是右手螺旋？( ),A-DNA；B-DNA；C-DNA,2026-09-18 23:13:09,错题采集
254,928993299,下列关于螺线管（solenoid）的描述，哪些是正确的？( ),直径大约30nm；以loop缠绕在非组蛋白支架上；每圈含有6个核小体；又称为染色质纤丝,2026-09-18 23:13:09,错题采集
255,928993289,Watson-Crick双螺旋模型的螺距是( )。,3.4nm,2026-09-18 23:13:09,错题采集
256,928993291,核小体的5种组蛋白都富含( )。,赖氨酸和精氨酸,2026-09-18 23:13:09,错题采集
257,928993288,下列哪种二级结构更接近Watson-Crick双螺旋模型？( ),B-DNA,2026-09-18 23:13:09,错题采集
258,928993303,下面展示的是一些限制性内切酶及其识别位点，哪些切割双链DNA会产生粘性末端?( ),EcoRI ， G AATTC；XhoI ， C TCGAG；KpnI ， GGTAC C,2026-09-18 23:13:09,错题采集
259,936207391,1. 单选题：DNA和RNA的主要区别是什么？,以上都是,2026-09-18 23:14:26,错题采集
260,936207131,3. 题目：目前认为以下哪种RNA分子可能不参与蛋白质合成过程？,snRNA,2026-09-18 23:15:26,错题采集
261,936207138,1. RNA的二级结构主要包括哪些类型？,双链结构；螺旋结构；环状结构,2026-09-18 23:15:26,错题采集
262,928993301,原核生物有3类rRNA，其大小分别是( )。,23S；16S；5S,2026-09-18 23:15:26,错题采集
263,936207148,3. 在tRNA分子中，其3'端氨基酸接受臂具有______个碱基。,3；3个；CCA3个,2026-09-18 23:15:26,错题采集
264,928993300,RNA二级结构的结构原件，主要包括下列哪些？( ),单链；发卡结构；突起；内环,2026-09-18 23:15:26,错题采集
265,928993309,原核生物通常为单顺反子mRNA，真核生物为多顺反子mRNA。( ),错,2026-09-18 23:15:26,错题采集
266,928993294,原核生物中，具有核酶功能的rRNA是( )。,23S rRNA,2026-09-18 23:16:46,错题采集
267,928993302,影响DNA熔解温度的因素有哪些？,G+C的百分含量；A+T的百分含量；DNA均一性；介质的离子强度,2026-09-18 23:16:46,错题采集
268,928993311,DNA热变性是爆发式的。( ),对,2026-09-18 23:16:46,错题采集
269,928993312,碱性条件下，有利于DNA脱嘌呤反应。( ),错,2026-09-18 23:16:46,错题采集
270,936336171,相比较，DNA比RNA更耐碱一些。,对,2026-09-18 23:16:46,错题采集
271,936206829,1. 核酸的提取方法有哪些？,酚氯仿法；硅珠法；磁珠法；酶解法；化学裂解法,2026-09-18 23:18:42,错题采集
272,936206842,5. 在Sanger发明的 核酸序列测定技术中，研究人员不仅使用dNTP，而且还使用ddNTP 。,双脱氧法；双脱氧链终止法,2026-09-18 23:18:42,错题采集
273,936206816,1. 核酸的定量方法有哪些？,紫外分光光度法；荧光定量法；凝胶电泳法；实时定量PCR,2026-09-18 23:19:13,错题采集
274,936206813,1. 核酸分离纯化的方法有哪些？,离心；电泳；层析；沉淀；超滤,2026-09-18 23:19:42,错题采集
275,928993313,双脱氧末端终止法测定DNA序列时，dNTP的加入使得链延长终止。( ),错,2026-09-18 23:19:42,错题采集
276,936206834,1. 核酸的稳定性因素有哪些？,pH值；温度；离子强度；核酸酶；光照,2026-09-18 23:19:42,错题采集
277,936206841,4. 核酸的定量分析通常采用______法，该方法通过测定样品在260nm处的吸光度来估算核酸的含量。,紫外分光光度法,2026-09-18 23:19:42,错题采集
278,928993295,将变性RNA转移到滤膜上，利用分子杂交原理研究基因表达规律的技术称为( )。,Northern blotting,2026-09-18 23:19:42,错题采集
279,936206836,2. 判断题：核酸的分离可以通过离心的方法实现。,对,2026-09-18 23:19:42,错题采集
280,936309482,5. 判断题：性激素是一类由性腺分泌的类固醇激素，主要包括雌激素、孕激素和睾酮。,对,2026-09-18 23:21:11,错题采集
281,936309440,1. 多萜是一类具有什么特征的化合物？,含有多个异戊二烯单元,2026-09-18 23:21:51,错题采集
282,936309430,3. 萜类化合物的分类主要依据其碳骨架的组成，其中单萜类化合物含有______个碳原子。,10,2026-09-18 23:21:52,错题采集
283,928993339,β-胡萝卜素是一类三萜化合物，属于衍生脂。,错,2026-09-18 23:22:20,错题采集
284,928993321,胆固醇在动物细胞膜中可以发挥下列哪种作用？​__,使膜相变温度范围变宽，使膜的流动性保持在一定的范围,2026-09-18 23:22:20,错题采集
285,936309461,2. 以下哪些是固醇类化合物的主要生物功能？,作为细胞膜的组成部分；作为激素的前体；作为信号分子,2026-09-18 23:22:20,错题采集
286,936309468,1. 判断题：胆固醇是人体必需的固醇类物质，但摄入过多会导致心血管疾病。,对,2026-09-18 23:22:20,错题采集
287,936309435,1. 萜类化合物是一类由多个______个碳原子聚合形成的化合物。,5,2026-09-18 23:22:20,错题采集
288,936309448,1. 以下哪个化合物不属于类固醇？,糖原,2026-09-18 23:22:20,错题采集
289,936309497,2. 以下哪种脂肪酸属于必需脂肪酸？,亚油酸,2026-09-18 23:25:08,错题采集
290,936309501,3. 以下哪种脂肪酸的熔点最高？,硬脂酸,2026-09-18 23:25:08,错题采集
291,936309515,3. 人体必需脂肪酸主要包括两种，分别是亚油酸和α-______。,亚麻酸,2026-09-18 23:25:08,错题采集
292,936309516,5. 脂肪酸的熔点与其饱和度有关，通常饱和度越高，熔点越______。,高,2026-09-18 23:25:08,错题采集
293,936309521,1. 以下哪些是不饱和脂肪酸的特点？,含有一个或多个双键；可以降低胆固醇水平；通常存在于植物油中,2026-09-18 23:25:08,错题采集
294,936309524,5. 判断题：鱼类和坚果是ω-3不饱和脂肪酸的主要来源。,对,2026-09-18 23:25:08,错题采集
295,928993331,下列哪些因素将影响生物膜的流动性？( ),膜磷脂分子中的脂肪链长短；膜脂分子中脂肪链饱和度；胆固醇含量；温度,2026-09-18 23:26:43,错题采集
296,928993333,一个典型真核细胞的细胞膜，( )。,其寡糖链通常面向细胞外；其蛋白质可以在脂双层中移动；其脂分子能够在脂双层中移动；其某些膜脂分子还可以做翻转运动,2026-09-18 23:26:43,错题采集
297,928993340,生物膜上的次级主动运输是指两种小分子物质通过一个转运蛋白进行同向转运或反向转运的过程，也称共转运。( ),错,2026-09-18 23:26:43,错题采集
298,928993341,流动镶嵌模型认为生物膜是具有不同流动性的板块相间隔的动态结构。( ),错,2026-09-18 23:26:43,错题采集
299,928993342,细胞膜的外表面和内表面，蛋白质和脂质往往呈对称分布。( ),错,2026-09-18 23:26:43,错题采集
300,928993350,下列哪些物质可以自由通过真核细胞的线粒体内膜？,CO 2,2026-09-18 23:26:43,错题采集
301,928993322,"激素激活的膜上磷脂酶C（PLC）能够将PIP 2 （磷脂酰肌醇4,5-二磷酸）转化为( )。",二酰甘油 + 肌醇三磷酸,2026-09-18 23:28:10,错题采集
302,928993323,下列哪些膜转运方式会利用离子梯度？( ),二级主动运输,2026-09-18 23:28:10,错题采集
303,928993325,生物膜最不普遍的运动方式是( )。,磷脂分子从生物膜的一个表面翻转到另外一个表面,2026-09-18 23:28:10,错题采集
304,928993327,比较大的分子可以通过( )进行跨膜转运。,内吞或者外排,2026-09-18 23:28:10,错题采集
305,928993328,在腺苷酸环化酶参与的信号转导途径中，( )是第二信使。,cAMP,2026-09-18 23:28:10,错题采集
306,928993334,激素可以通过细胞膜上的PLC（磷脂酶C）信号转导途径发挥对细胞代谢的调节作用，该途径中的第二信使是( )。,二酰甘油；肌醇三磷酸,2026-09-18 23:28:10,错题采集
307,928993343,下列有关化学反应的叙述，错误的是( )。,自由能用&Delta;G &Theta; 表示,2026-09-18 23:30:32,错题采集
308,928993347,下列( )是甲硫键型的高能化合物。,SAM（S-腺苷甲硫氨酸 ）,2026-09-18 23:30:32,错题采集
309,928993359,生物氧化具有的特点是( )。,多步骤酶促反应；脱氢为主要方式；活细胞内进行，条件是温和的；能量是逐步释放的,2026-09-18 23:30:32,错题采集
310,928993365,下列有关ATP的阐述，正确的是( )。,ATP分子中核糖上的C 5 羟基与三个相连的磷酸基团以酯键相连；ATP是磷氧型的高能化合物；ATP在酶促磷酸基团转移中发挥重要作用,2026-09-18 23:30:32,错题采集
311,928993366,下列有关自由能的阐述，错误的( ),只有当ΔG Θ ´是负值时反应才能自发进行；可用ΔG Θ 判断标准状况下一个化学反应的速率；可用ΔG Θ ´ 判断一个生物化学反应的速率,2026-09-18 23:30:32,错题采集
312,928993357,有关ATP跨线粒体内膜转运的叙述，错误的是( )。,腺苷酸转移酶发挥作用时伴随着Mg 2+ 的转运，从而降低了质子移动力,2026-09-18 23:31:58,错题采集
313,936309663,1. 线粒体内膜的哪个特性使其成为细胞内能量转换的关键场所？,含有大量的酶,2026-09-18 23:32:44,错题采集
314,936309600,2. 判断题：线粒体是细胞内的能量工厂，主要负责合成ATP。,对,2026-09-18 23:33:14,错题采集
315,928993371,对于正常的线粒体而言，( )。,NADH（氧化）消耗的速率，在活动的肌肉中增加，在不活动的肌肉中降低；当ATP合酶被抑制，NADH（氧化）消耗的速率非常低，但是当加入解偶联剂后，该速率会增加；如果其中的ADP消耗殆尽，NADH（氧化）消耗的速率会降低；当氰化物加入后，NADH（氧化）消耗的速率会降低,2026-09-18 23:33:44,错题采集
316,936309641,2. 线粒体膜通透性增加会导致哪种现象？,线粒体能量产生减少,2026-09-18 23:33:44,错题采集
317,936309608,3. 线粒体膜上的电子传递链是进行______的关键环节。,氧化磷酸化；ATP合成,2026-09-18 23:33:44,错题采集
318,936309648,1. 判断题：线粒体膜的通透性是由线粒体内外膜的脂质双层决定的。,错,2026-09-18 23:33:44,错题采集
319,928993374,线粒体内膜上存在ATP及ATP合成底物转运所需要的同向和反向转运体。这些转运体的存在对于线粒体基质中ATP的合成是必需的。( ),对,2026-09-18 23:33:44,错题采集
320,936309594,3. 线粒体的双层膜结构中，哪一层负责电子传递链？,内膜,2026-09-18 23:33:44,错题采集
321,928993358,真核细胞线粒体电子传递链中，（ ）是接受复合物III电子的电子受体。,细胞色素c,2026-09-18 23:34:37,错题采集
322,928993373,当电子传递抑制剂干扰了电子的传递时，线粒体基质中ATP合成继续进行。( ),错,2026-09-18 23:35:03,错题采集
323,928993361,下列( )是线粒体电子传递链中的单电子传递体。,Fe-S蛋白；细胞色素a,2026-09-18 23:35:23,错题采集
324,928993360,下列哪些物质是真核细胞电子传递链中的电子及氢的传递体？( ),CoQ；以FAD为辅基的琥珀酸脱氢酶,2026-09-18 23:35:23,错题采集
325,928993349,下列有关细胞色素的叙述，错误的是( )。,细胞色素中的血红素都是以非共价键与蛋白相连的,2026-09-18 23:35:41,错题采集
326,928993353,在下列电子传递复合物中，哪些含有可以传递电子的Fe-S中心？( ),复合物I 、II、III,2026-09-18 23:35:41,错题采集
327,928993346,呼吸链中各细胞色素在电子传递中的排列顺序是( )。,c 1 →c→aa 3 →O 2,2026-09-18 23:36:00,错题采集
328,928993348,下列哪种物质能够抑制电子从NADH经过复合物I传递给CoQ？( ),安密妥,2026-09-18 23:36:00,错题采集
329,928993345,下列呼吸链电子传递体中，( )是脂类物质而非蛋白质。 。,CoQ,2026-09-18 23:36:00,错题采集
330,928993362,下列( )电子传递链的抑制剂。,鱼藤酮；氰化物,2026-09-18 23:36:00,错题采集
331,928993363,( )是真核细胞细胞质中NADH进入线粒体电子传递链的途径。,苹果酸-天冬氨酸穿梭；磷酸甘油穿梭,2026-09-18 23:36:00,错题采集
332,928993367,真核细胞电子传递复合物中具有质子泵功能的有( )。,复合物I；复合物III；复合物IV,2026-09-18 23:36:00,错题采集
333,936207824,1. 氧化磷酸化作用主要发生在哪一组细胞器中？,线粒体,2026-09-18 23:39:38,错题采集
334,928993344,下列物质中，( )是氧化磷酸化抑制剂。,寡霉素,2026-09-18 23:39:38,错题采集
335,928993369,下列关于化学渗透假说的叙述，正确的是( )。,1961年英国生化学家 Peter Mitchell 提出了化学渗透假说；电子传递导致线粒体内膜两侧产生质子移动力；质子通过ATP合酶从线粒体内膜外侧回流进入线粒体基质，驱动了ATP的释放,2026-09-18 23:39:38,错题采集
336,936207839,2. 判断题：氧化磷酸化作用是细胞产生ATP的主要方式。,对,2026-09-18 23:39:38,错题采集
337,936207826,2. 氧化磷酸化作用中，电子传递链的最终受体是什么？,氧气,2026-09-18 23:39:59,错题采集
338,936207831,3. 氧化磷酸化作用中，质子梯度的形成主要依赖于哪种机制？,主动运输,2026-09-18 23:39:59,错题采集
339,928993368,下列反应中，哪些伴随着底物水平的磷酸化反应？( ),"1,3-二磷酸甘油酸 3-磷酸甘油酸；PEP 丙酮酸；琥珀酰CoA 琥珀酸",2026-09-18 23:39:59,错题采集
340,928993370,下列有关ATP合酶的叙述，正确的是( )。,F o 是嵌入线粒体内膜中，具有质子通道；F 1 包括3个αβ二聚体，其中β亚基催化ATP的合成；F 1 的γ亚基可以转动,2026-09-18 23:40:18,错题采集
341,936207834,5. 氧化磷酸化作用的抑制剂有哪些？,氰化物,2026-09-18 23:40:18,错题采集
342,928993351,化学渗透假说解释了( )。,线粒体ATP生成的能量来源,2026-09-18 23:40:18,错题采集
343,928993372,真核细胞氧化磷酸化发生在线粒体内膜上，原核细胞的这个过程发生在细胞质质膜上。,对,2026-09-18 23:40:18,错题采集
344,928993375,P/O比的数值与电子来源于真核细胞线粒体电子传递复合物I或者II没有关系。,错,2026-09-18 23:40:18,错题采集
345,928993355,按照结合变化机制，ATP合酶的 3 3 含有3个催化位点，每个位点都有( )种不同的构象。,3,2026-09-18 23:40:18,错题采集
346,936207878,5. 判断题：光合磷酸化作用中产生的氧气全部来自水分子的光解。,对,2026-09-18 23:41:19,错题采集
347,936207863,3. 光合磷酸化作用中，哪种物质的消耗是必需的？,ADP；NADP+,2026-09-18 23:41:37,错题采集
348,936207870,2. 判断题：光合磷酸化作用中，光能首先被叶绿素分子吸收。,对,2026-09-18 23:41:55,错题采集
349,936207852,1. 光合磷酸化作用主要发生在植物细胞的哪个部位？,叶绿体,2026-09-18 23:41:55,错题采集
350,936207856,3. 在光合磷酸化作用中，哪种物质是电子传递链中的主要电子受体？,NADP+,2026-09-18 23:41:55,错题采集
351,936207860,2. 光合磷酸化作用中，哪种物质的生成是必需的？,ATP；NADPH,2026-09-18 23:41:55,错题采集
352,936207854,2. 光合磷酸化作用中，光能是如何被转化为化学能的？,通过光系统II和光系统I的电子传递链转化为化学能,2026-09-18 23:41:55,错题采集
353,936207873,3. 判断题：光合磷酸化作用中的ATP是通过光合作用的光反应阶段产生的。,对,2026-09-18 23:41:55,错题采集
354,928993265,葡萄糖与半乳糖是( )。,差向异构体,2026-09-18 23:44:59,错题采集
355,928993278,D-葡萄糖可以形成( )环式结构。,-D-吡喃葡萄糖；-D-吡喃葡萄糖；-D-呋喃葡萄糖；-D-呋喃葡萄糖,2026-09-18 23:45:17,错题采集
356,928993269,下图是某糖的Fisher投影式，它属于( )。,L -戊酮糖,2026-09-18 23:45:35,错题采集
357,928993281,有关二羟丙酮的叙述，正确的是( )。,二羟丙酮是丙糖；二羟丙酮是酮糖；二羟丙酮具有水溶性,2026-09-18 23:45:35,错题采集
358,928993270,下列哪对糖是一对异头体？( ),-D-葡萄糖与 -D-葡萄糖,2026-09-18 23:45:54,错题采集
359,936310822,4. 在电子传递链中，哪个复合体负责将电子从NADH传递到辅酶Q？,复合体I,2026-09-18 23:46:27,错题采集
360,936311005,3. 判断题：电子传递链中的质子梯度是由复合物I和复合物II产生的。,错,2026-09-18 23:46:27,错题采集
361,936311364,5. 在电子传递链中，下列哪个复合体负责将电子从FADH2传递到辅酶Q？,复合体II,2026-09-18 23:46:27,错题采集
362,936312595,1. 呼吸链电子传递抑制剂的作用机制是什么？,抑制电子在呼吸链中的传递,2026-09-18 23:46:27,错题采集
363,936312631,1. 抗霉素A是一种有效的线粒体电子传递链抑制剂，它主要抑制电子经过哪个复合体的传递？,复合体III,2026-09-18 23:46:27,错题采集
364,936303282,3. 单选题：在人体中，哪种糖是主要的供能物质？,葡萄糖,2026-09-18 23:48:55,错题采集
365,936303323,4. 以下哪种糖是还原糖？,葡萄糖,2026-09-18 23:48:55,错题采集
366,936303273,2. 单选题：以下哪种糖是单糖？,甘露糖,2026-09-18 23:49:13,错题采集
367,928993266,链状的己醛糖有( )立体异构体。,16,2026-09-18 23:49:13,错题采集
368,928993276,下列哪些糖具有还原性？( ),麦芽二糖；葡萄糖；乳糖,2026-09-18 23:49:13,错题采集
369,928993268,下图是一个单糖的环式结构，它是( )。,异头物; 酮糖,2026-09-18 23:49:13,错题采集
370,928993279,在下列物质中，不仅含有葡萄糖结构，而且含有果糖结构的糖是( )。,棉子糖；蔗糖；水苏糖,2026-09-18 23:49:13,错题采集
371,928993272,半乳糖的缩写符号是( )。,Gal,2026-09-18 23:49:13,错题采集
372,936310105,5. 判断题：磷酸甘油穿梭过程中，FADH2产生的ATP数量比NADH产生的ATP数量少。,对,2026-09-18 23:49:53,错题采集
373,936310114,2. 磷酸甘油穿梭的主要功能是什么？,将细胞质中的NADH转化为线粒体中的FADH2,2026-09-18 23:49:53,错题采集
374,936310171,3. 苹果酸天冬氨酸穿梭在哪种细胞器中发挥作用？,线粒体,2026-09-18 23:49:53,错题采集
375,936310190,4. 苹果酸天冬氨酸穿梭对细胞的能量代谢有什么影响？,增加ATP的产生；增加NADH的氧化,2026-09-18 23:49:53,错题采集
376,936310196,2. 在苹果酸-天冬氨酸穿梭过程中，细胞质中的草酰乙酸和NADH转化为苹果酸 ，苹果酸进入线粒体后在酶催化下转化为（ ）和NADH，后者直接进入线粒体电子传递链参与氧化磷酸化过程。,草酰乙酸,2026-09-18 23:49:53,错题采集
377,929421188,"若 , 且 , 则 （ ）.",1-p,2026-09-19 07:32:26,错题采集
378,932473361,设 为任意两事件，则,https://hike-export.oss-cn-hangzhou.aliyuncs.com/paper/dev/20260522/577dd3f0-7c70-42a8-9596-c13c0c54dfaf.png,2026-09-19 07:32:26,错题采集
379,932473378,设 ， 与 都不发生的概率是 与 同时发生的概率的 倍，则,https://hike-export.oss-cn-hangzhou.aliyuncs.com/paper/dev/20260905/1af174c3-4153-4041-b276-d4164612f52a.png,2026-09-19 07:32:26,错题采集
380,932473377,设 与 互为对立事件，且 ，则下列各式中错误的是,https://hike-export.oss-cn-hangzhou.aliyuncs.com/paper/dev/20260615/eaa9cc5b-cb19-4d5c-90c4-29cb68559d73.png,2026-09-19 07:32:26,错题采集
381,932473373,若 ，则必有：,https://hike-export.oss-cn-hangzhou.aliyuncs.com/paper/dev/20260626/73181c52-6bad-4563-9f9d-692921a1d0f3.png,2026-09-19 07:32:26,错题采集
382,932473386,进行一系列独立重复试验，每次试验成功的概率为 ，则在成功 次之前已经失败 次的概率为,https://hike-export.oss-cn-hangzhou.aliyuncs.com/paper/dev/20260623/5bd5df82-60b2-4d03-a902-4ef940d555ce.png,2026-09-19 07:32:26,错题采集
383,931999483,筐中有5只黄色小鸡和4只黑色小鸡，随机地从中取出2只，则取出的小鸡颜色相同的概率为( ),4/9,2026-09-19 07:36:56,错题采集
384,932473153,将两封信随机地投入四个邮筒中，则未向前面两个邮筒投信的概率为( ),https://hike-export.oss-cn-hangzhou.aliyuncs.com/paper/dev/20260623/9da2e4e8-38d4-4f93-b213-65e10749b0f5.png,2026-09-19 07:36:56,错题采集
385,932473364,筐中有 只黄色小鸡和 只黑色小鸡，随机地从中取出 只，则取出的小鸡颜色相同的概率为,https://hike-export.oss-cn-hangzhou.aliyuncs.com/paper/dev/20260310/acbffb84-863d-40d2-bc8b-db456eed3ccd.png,2026-09-19 07:36:56,错题采集
386,929415227,一飞机场的交通车载有20名乘客，中途经过10个车站，设每名乘客在10个站中任一站下车的可能性相同，并且只在有乘客下车时交通车才停车，则交通车在第 站有三人下车的概率为（ ）。,https://image.zhihuishu.com/zhs/question-import/formula/202303/e86d85d1af054293a60e6e76b79229bd.png,2026-09-19 07:36:56,错题采集
387,929419805,从 这十个数中有放回抽取3次，抽得的三个数至少有一个是3的概率为（ ）。,0.271,2026-09-19 07:36:56,错题采集
388,936206206,概率论与数理统计以随机现象为研究对象。,对,2026-09-19 07:38:14,错题采集
389,936206210,随机试验可以重复进行。,对,2026-09-19 07:38:14,错题采集
390,936206214,进行一次随机试验之前不能明确所有的可能结果。,错,2026-09-19 07:38:14,错题采集
391,936206215,进行一次随机试验之前不能明确出现什么结果。,对,2026-09-19 07:38:14,错题采集
392,936206220,在概率统计中，可以利用随机试验来研究随机现象。,对,2026-09-19 07:38:14,错题采集
393,932473362,设 为三个事件，则 恰好有一个发生是,https://hike-export.oss-cn-hangzhou.aliyuncs.com/paper/dev/20260523/85976264-3641-4dd5-999a-138eb2bdd53b.png,2026-09-19 07:41:04,错题采集
394,932473466,对于任意二事件 和 ，与 不等价的是,https://hike-export.oss-cn-hangzhou.aliyuncs.com/paper/dev/20260310/d433a662-3b85-4e25-903f-c1fba012bcc6.png,2026-09-19 07:41:04,错题采集
395,929415065,"若以A表示事件""甲种产品畅销, 乙种产品滞销"", 则其对立事件为""甲种产品滞销或乙种产品畅销"". （ ）",对,2026-09-19 07:41:46,错题采集
396,929419818,设 为两个事件，则下列关系式成立的是（ ）。,https://image.zhihuishu.com/zhs/question-import/formula/202303/9f21fada729948d6add261e38846c055.png,2026-09-19 07:41:46,错题采集
397,931999489,事件{甲产品畅销，乙产品滞销}的对立事件为( ),甲产品滞销或乙产品畅销,2026-09-19 07:41:46,错题采集
398,932473437,"设有三个随机事件 ,事件"" 中恰好有两个发生""可以表示成",https://hike-export.oss-cn-hangzhou.aliyuncs.com/paper/dev/20260310/8277696e-d40e-4fcf-b88e-c816462c2e16.png,2026-09-19 07:42:17,错题采集
399,929419864,设四个随机事件 ，其中至多有三个事件发生可以表示为（ ）.,https://image.zhihuishu.com/zhs/question-import/formula/202303/c3dbb0d9821f42d19cf5b9f943b6dcb3.png,2026-09-19 07:42:17,错题采集
400,932473383,如果（ ）成立，则事件 与 互为对立事件,且,2026-09-19 07:42:17,错题采集
401,932473461,若 互斥，且 ，则下列式子成立的是,https://hike-export.oss-cn-hangzhou.aliyuncs.com/paper/dev/20260310/4407d2dc-0b46-45d0-9a81-937572b02f7f.png,2026-09-19 07:42:17,错题采集
402,932473467,设 为任意三个事件，则与 一定互不相容的事件为,https://hike-export.oss-cn-hangzhou.aliyuncs.com/paper/dev/20260626/7f579ad3-87a0-41cd-93a3-7b21b35d5706.png,2026-09-19 07:42:17,错题采集
403,929419860,"设 为随机事件, 则下列选项错误的是（ ）.",则,2026-09-19 07:42:47,错题采集
404,932473379,三事件中最多发生两个，用事件的运算表示为,https://hike-export.oss-cn-hangzhou.aliyuncs.com/paper/dev/20260523/0cd9e4cd-0925-4aee-8c62-c5f1b5414440.png,2026-09-19 07:42:47,错题采集
405,929419831,"设 为随机事件, 则与 互斥的事件是（ ）.",https://image.zhihuishu.com/zhs/question-import/formula/202303/56ee6cf992d0498497c0d665d65b9016.png,2026-09-19 07:42:47,错题采集
406,932473363,"做掷骰子的试验,观察其出现的点数．记 {掷出偶数点}， {掷出奇数点}， {掷出的点数小于 }， {掷出的点数为 }，则下述关系错误的是",https://hike-export.oss-cn-hangzhou.aliyuncs.com/paper/dev/20260310/f530b906-f924-4359-a8e7-d9b719db749e.png,2026-09-19 07:42:47,错题采集
407,931999488,设A与B是任意两个互不相容事件，则下列结论中正确的是( ),https://image.zhihuishu.com/zhs/doctrans/docx2html/202012/3077e813123745908603593a78d441ef.png,2026-09-19 07:42:47,错题采集
408,932473365,事件{甲产品畅销，乙产品滞销}的对立事件为,甲产品滞销或乙产品畅销,2026-09-19 07:42:47,错题采集
409,932473424,已知 则 都不发生的概率为,https://hike-export.oss-cn-hangzhou.aliyuncs.com/paper/dev/20260623/4514836a-c40f-4f7f-a0ed-74986e2072fb.png,2026-09-19 07:43:16,错题采集
410,931999484,( ),https://image.zhihuishu.com/zhs/doctrans/docx2html/202012/e1c52b52c1c849069ee79d5a131939f6.png,2026-09-19 07:43:16,错题采集
411,932473149,"下列命题中 , 正确的是 ( )","若 , 则",2026-09-19 07:43:16,错题采集
412,932473463,设随机事件 与 互不相容，且 ，则 与 中恰有一个发生的概率等于,https://hike-export.oss-cn-hangzhou.aliyuncs.com/paper/dev/20260529/f69c83d6-9cb0-4efa-944d-0786e6599c55.png,2026-09-19 07:43:16,错题采集
413,929419833,"设随机事件 相互独立, , , 则 （ ）.",0.9,2026-09-19 07:43:16,错题采集
414,932473441,某型号的高炮，每门炮发射一发炮弹击中飞机的概率为 ，现若干门炮同时各发射一发炮弹，问要以 %的把握击中来犯的一架敌机至少需配置高炮的数量是,门,2026-09-19 07:43:16,错题采集
415,931999481,下列命题中，正确的是( ),https://image.zhihuishu.com/zhs/doctrans/docx2html/202012/29fffdef2328494eb22d312ce59d521f.png,2026-09-19 07:43:50,错题采集
416,932473438,设 为两个事件，已知 则,https://hike-export.oss-cn-hangzhou.aliyuncs.com/paper/dev/20260311/c99b0eaa-7fce-4426-90a0-0dba21197730.png,2026-09-19 07:43:50,错题采集
417,929415049,"设随机事件 互不相容, 且 , , 则 0.5. （ ）",错,2026-09-19 07:43:50,错题采集
418,932473404,设 是随机事件， 则,https://hike-export.oss-cn-hangzhou.aliyuncs.com/paper/dev/20260310/4dff9f5f-7107-4b2d-8d3a-38e30fc5ef44.png,2026-09-19 07:43:50,错题采集
419,932473448,"设 为随机事件,",https://hike-export.oss-cn-hangzhou.aliyuncs.com/paper/dev/20260522/9e6119a9-3136-4578-8faf-aac82592bf8a.png,2026-09-19 07:43:50,错题采集
420,932473405,已知人的血型为 的概率分别是 现任选 人，则这 人血型全不相同的概率为,https://hike-export.oss-cn-hangzhou.aliyuncs.com/paper/dev/20260916/cacb9b67-fa86-4a9e-9a2b-a14041218a6b.png,2026-09-19 07:43:50,错题采集
421,929421221,"设随机事件 互不相容, 且 , , 则 （ ）",https://image.zhihuishu.com/zhs/question-import/formula/202303/e533fc7ed81c4c91b1f47e9d326188b6.png,2026-09-19 07:44:16,错题采集
422,932473342,一实习生用同一台机器连接独立的制造了 个同种零件，第 个零件不合格的概率为 ，以 表示 个零件中合格品的个数，则,https://hike-export.oss-cn-hangzhou.aliyuncs.com/paper/dev/20260623/7da0f231-499b-4991-aa37-7580ac7b701e.png,2026-09-19 07:44:16,错题采集
423,932473425,已知 两事件满足条件 ，且 则,https://hike-export.oss-cn-hangzhou.aliyuncs.com/paper/dev/20260310/0abf6d9e-9206-435b-b72c-f1b9cfce8ead.png,2026-09-19 07:44:16,错题采集
424,932473415,设事件 和 中至少有一个发生的概率为 ， 和 中有且仅有一个发生的概率为 ，那么 和 同时发生的概率为_,https://hike-export.oss-cn-hangzhou.aliyuncs.com/paper/dev/20260905/62c1c492-ad2c-4774-ba51-b968ab4de36f.png,2026-09-19 07:44:16,错题采集
425,932473443,甲、乙二人同时向同一目标射击一次，甲击中率为 乙击中率为 求在一次射击中，目标被击中的概率,https://hike-export.oss-cn-hangzhou.aliyuncs.com/paper/dev/20260522/835bfb43-cf27-427c-8bf4-f837412a64f4.png,2026-09-19 07:44:16,错题采集
426,929419827,设 为三个事件，且 ， ， ，则 至少有一个发生的概率为（ ）。,https://image.zhihuishu.com/zhs/question-import/formula/202303/4a3027be350a4092a153972924c095d1.png,2026-09-19 07:44:16,错题采集
427,932473152,"设有事件 , 则 ( )",https://hike-export.oss-cn-hangzhou.aliyuncs.com/paper/dev/20260623/21889317-0092-4abc-9124-a438d3780311.png,2026-09-19 07:44:51,错题采集
428,929421201,"若事件A和B同时出现的概率是0, 则（ ）.",未必成立,2026-09-19 07:44:51,错题采集
429,932473455,甲、乙、丙三人对同一目标进行射击，其命中率分别为 和 ，每人射击一次，则目标被击中的概率为,https://hike-export.oss-cn-hangzhou.aliyuncs.com/paper/dev/20260522/e08c76ee-a91f-4a01-87f1-6e627174353c.png,2026-09-19 07:44:51,错题采集
430,932473100,设事件 与事件 互不相容，则( ).,https://hike-export.oss-cn-hangzhou.aliyuncs.com/paper/dev/20260916/f89eefef-01a0-42c0-af40-6c280b13e4e4.png,2026-09-19 07:44:51,错题采集
431,929419849,"设 为随机事件, 则一定有（ ）.",https://image.zhihuishu.com/zhs/question-import/formula/202303/1c909a42030f4e01a413e6d91fe216af.png,2026-09-19 07:44:51,错题采集
432,932473399,一批产品中有 只正品， 只次品，有放回地任取两次，第二次取到正品的概率,https://hike-export.oss-cn-hangzhou.aliyuncs.com/paper/dev/20260601/252a0163-0f0c-4bf5-9b0e-0bed4fc76cbf.png,2026-09-19 07:44:51,错题采集
433,929419834,"10件产品中有8件正品, 2件次品, 任选2件, 则至少有一件为次品的概率为（ ）.",https://image.zhihuishu.com/zhs/question-import/formula/202303/9c9306f0039f4e8582a594f57d31f1ec.png,2026-09-19 07:45:18,错题采集
434,929421206,"5双不同的手套, 任取4只, 则恰有2只配对的概率为（ ）.",4/7,2026-09-19 07:45:18,错题采集
435,929419854,"在1, 2, 3, 4, 5, 6这6个数字中有放回地抽取3次, 每次任取一个数字, 则3个数字全不相同的概率为（ ）.",https://image.zhihuishu.com/zhs/question-import/formula/202303/eefc38aba39a4df195fdb54445333517.png,2026-09-19 07:45:18,错题采集
436,932473310,甲乙二人各抛一枚硬币 次，则出现国徽面次数相同的概率为,https://hike-export.oss-cn-hangzhou.aliyuncs.com/paper/dev/20260623/2508d372-1f7d-43f4-9977-50f7fda8821c.png,2026-09-19 07:45:18,错题采集
437,929415228,把一个骰子抛掷3次，恰出现两个1点的概率为（ ）。,https://image.zhihuishu.com/zhs/question-import/formula/202303/dc24b6cf826e4952935e2f09b2941e39.png,2026-09-19 07:45:18,错题采集
438,932473366,将 七个字母随机的排成一排，恰好排成 概率是,https://hike-export.oss-cn-hangzhou.aliyuncs.com/paper/dev/20260523/16604067-bea6-4176-b620-5e1eded8d8bd.png,2026-09-19 07:45:18,错题采集
439,929419852,"100件产品中有95件正品, 5件次品, 任选2件, 则至少有一件产品为次品的概率为（ ）.",https://image.zhihuishu.com/zhs/question-import/formula/202303/dc03d107a3664fcf94917b00e905760f.png,2026-09-19 07:45:46,错题采集
440,929415224,从 这十个数字中任取一个数字，有放回地抽取4次，4个数字中不含2和8的概率为（ ）。,https://image.zhihuishu.com/zhs/question-import/formula/202303/304ae15bee374d7293c591447c9fa483.png,2026-09-19 07:45:46,错题采集
441,929415223,从 这五个数字中任取一个数字，有放回地抽取两次，这两个数字相邻的概率为（ ）。,https://image.zhihuishu.com/zhs/question-import/formula/202303/432bee6dd7b64a41b4ad490a5b1690e7.png,2026-09-19 07:45:46,错题采集
442,929419836,"从 这十个数字中任取一个数字, 有放回地抽取4次, 则4个数字全不相同的概率为（ ）.",https://image.zhihuishu.com/zhs/question-import/formula/202303/819d567ee658486aa84de13b3ede9abe.png,2026-09-19 07:45:46,错题采集
443,929415230,把95本不同的书任意在书架上排成一列，则指定的某本书放在中间的概率为 （ ）。,https://image.zhihuishu.com/zhs/question-import/formula/202303/8f4322ad9b0841799bbcb0a11aacce4e.png,2026-09-19 07:45:46,错题采集
444,929419853,"5双不同的手套, 任取4只, 4只都不配对的概率为（ ）.",https://image.zhihuishu.com/zhs/question-import/formula/202303/0ffb689e04ac45a8b7040ef6763acc8a.png,2026-09-19 07:47:12,错题采集
445,931999486,将两封信随机地投入四个邮筒中，则未向前面两个邮筒投信的概率为( ),https://image.zhihuishu.com/zhs/doctrans/docx2html/202012/59319e20b0da478face8b047d0e9bd86.png,2026-09-19 07:47:12,错题采集
446,929415229,把两个骰子抛掷6次，恰出现一个双6点的概率为（ ）。,https://image.zhihuishu.com/zhs/question-import/formula/202303/ee02c9640cdd411ca4336b54fe97bf31.png,2026-09-19 07:47:12,错题采集
447,929419793,把95本不同的书任意在书架上排成一列，则指定的某两本书放在相邻位置的概率为（ ）。,https://image.zhihuishu.com/zhs/question-import/formula/202303/4686c27dbe504048851c8012aaaca591.png,2026-09-19 07:47:12,错题采集
448,929419855,"从 这十个数字中任取一个数字, 有放回地抽取4次, 则4个数字中不含2和8的概率为（ ）.",https://image.zhihuishu.com/zhs/question-import/formula/202303/22816a4d60764bb18eba496e5be55229.png,2026-09-19 07:47:12,错题采集
449,929421189,"5双不同的手套, 任取3只, 则恰有1双配对的概率为（ ）.",1/3,2026-09-19 07:47:12,错题采集
450,929419814,"在 中随机地取两个数 ,则事件 的概率为（ ）。",https://image.zhihuishu.com/zhs/question-import/formula/202303/c3cc803c0a1e46e5b553738b92e03351.png,2026-09-19 07:48:26,错题采集
451,929421207,"在 中随机地取两个数 , 则事件 的概率为（ ）.",7/8,2026-09-19 07:48:26,错题采集
452,929421220,"在区间 中随机地取两个数, 则两数之差的绝对值大于 的概率为（ ）",https://image.zhihuishu.com/zhs/question-import/formula/202303/9dcdbffb9ba645aea727268b46359419.png,2026-09-19 07:48:26,错题采集
453,929421222,"在区间 中随机地取两个实数, 则两数之和大于 的概率为（ ）",https://image.zhihuishu.com/zhs/question-import/formula/202303/84f76d28f12c4537b8a4b9257532ba81.png,2026-09-19 07:48:26,错题采集
454,932473413,若在区间 上随机地取两个数 则关于 的一元二次方程 有实根的概率是,https://hike-export.oss-cn-hangzhou.aliyuncs.com/paper/dev/20260623/4c71ebba-1c7c-4983-bf59-2944e4fbd69d.png,2026-09-19 07:48:26,错题采集
455,932473446,"设 为随机事件,",https://hike-export.oss-cn-hangzhou.aliyuncs.com/paper/dev/20260312/8872abd9-65f1-41d6-9455-8e1f4bcf1c4f.png,2026-09-19 07:49:01,错题采集
456,932473406,假设事件 和 满足 ，则,https://hike-export.oss-cn-hangzhou.aliyuncs.com/paper/dev/20260905/2b24791d-39f9-434b-8c5e-6cb9689d7bcc.png,2026-09-19 07:49:01,错题采集
457,929415070,"设随机事件 与 满足 , 则 .（ ）",错,2026-09-19 07:49:01,错题采集
458,929419842,"袋中有 个球, 其中有 个红球, 每次取1个球, 取出后不放回, 则第 次取出的球是红球的概率为（ ）.",https://image.zhihuishu.com/zhs/question-import/formula/202303/914d73cb33f54bd8b6a0cadba4dad973.png,2026-09-19 07:49:35,错题采集
459,932473459,设 互不相容， ，则下列结论肯定正确的是,https://hike-export.oss-cn-hangzhou.aliyuncs.com/paper/dev/20260311/3249c866-3aef-47a4-9e11-4c2d81ec6046.png,2026-09-19 07:49:35,错题采集
460,932473439,从 中随机取 个数(可重复)，依次作为千、百、十、个位，则取出的 个数构成一个 位奇数的概率为,https://hike-export.oss-cn-hangzhou.aliyuncs.com/paper/dev/20260905/7346fdd6-590d-4ce3-ba26-343356faa4c9.png,2026-09-19 07:50:11,错题采集
461,932473237,设 是两个互不相容的事件，且 ，则下列各式一定成立的是,https://hike-export.oss-cn-hangzhou.aliyuncs.com/paper/dev/20260311/ffccc57f-4f05-4cb6-983b-ea9a833b18be.png,2026-09-19 07:54:54,错题采集
462,932473457,设 是两个随机事件，且 ，则必有,https://hike-export.oss-cn-hangzhou.aliyuncs.com/paper/dev/20260311/7ec84b6c-2ecb-4ee8-b1ed-fecda590d9d3.png,2026-09-19 07:54:54,错题采集
463,932473374,对事件 ，已知 ，则,https://hike-export.oss-cn-hangzhou.aliyuncs.com/paper/dev/20260523/e3562641-4810-4737-a9ad-f219579cb3e5.png,2026-09-19 07:54:54,错题采集
464,932473458,设 为三个事件，已知 ，则,https://hike-export.oss-cn-hangzhou.aliyuncs.com/paper/dev/20260311/f5c37cc2-4317-490e-ae25-2d40ca1bad89.png,2026-09-19 07:54:54,错题采集
465,932473428,一袋中有 个乒乓球，其中 个红球， 个白球，今两人从袋中各取一球，取后不放回，则第二个人取到红球的概率为,https://hike-export.oss-cn-hangzhou.aliyuncs.com/paper/dev/20260313/fb174e03-34e6-451f-b169-0b5488f75fdd.png,2026-09-19 07:55:49,错题采集
466,932473357,已知 ，则,https://hike-export.oss-cn-hangzhou.aliyuncs.com/paper/dev/20260623/ad30df87-1334-4e59-b68f-be2c5a5ad816.png,2026-09-19 07:56:18,错题采集
467,929419810,两个袋子，第一个袋中有4个白球，2个红球，第二个袋中有3个白球，3个红球，从第一袋中抽取一球放入第二个袋中，则再从第二个袋中抽取一球为白球的概率为（ ）。,https://image.zhihuishu.com/zhs/question-import/formula/202303/755fd63f81f242c8a841b09ec7c426fc.png,2026-09-19 07:56:18,错题采集
468,929419809,两个袋子，第一个袋中有4个白球，3个黑球，第二个袋中有4个白球，2个黑球，从第一袋中抽取一球放入第二个袋中，则再从第二个袋中抽取一球为白球的概率为（ ）。,https://image.zhihuishu.com/zhs/question-import/formula/202303/93f4c057839e4f24b7e4ec9f62174358.png,2026-09-19 07:56:18,错题采集
469,929419859,"有两个袋子, 第一个袋中有4个白球, 2个红球, 第二个袋中有3个白球, 3个红球, 现从第一个袋中任取一球放入第二个袋中, 再从第二个袋中任取一球, 则取出白球的概率为（ ）.",https://image.zhihuishu.com/zhs/question-import/formula/202303/e7a8afec63ad4e28ba0068cd56ccc922.png,2026-09-19 07:56:18,错题采集
470,929419813,两个袋子，第一个袋中有3个白球，5个红球，第二个袋中有1个白球，3个红球，从第一袋中抽取一球放入第二个袋中，再从第二个袋中抽取一球，已知在第二个袋中抽取为红球的条件下，从第一个袋中抽取的球为红球的概率为（ ）。,https://image.zhihuishu.com/zhs/question-import/formula/202303/f18f8b40ea1f4dccb89542f0d7e3bbbc.png,2026-09-19 07:56:18,错题采集
471,929419806,把一个骰子抛掷两次，两次之和为6点的概率为（ ）。,https://image.zhihuishu.com/zhs/question-import/formula/202303/558b8c8211c34d3aaed9376f97e3f880.png,2026-09-19 07:56:18,错题采集
472,929421204,"抛掷两个骰子, 已知两个骰子点数之和为8, 则其中一个骰子为2点的概率为（ ）.",2/5,2026-09-19 07:57:18,错题采集
473,929421208,在矿井内为防止意外，同时安装了 ， 两种报警系统，每个系统单独使用时 有效的概率为0.9、 有效的概率为0.8， 与 一起使用时同时有效的概率为0.75，则在 失灵的条件下 有效的概率为（ ）,https://image.zhihuishu.com/zhs/question-import/formula/202303/584d8760ce1743ca81490149d59be0b5.png,2026-09-19 07:57:46,错题采集
474,929419858,"抛掷两个骰子, 已知两个骰子点数之和为8, 则其中一个骰子为3点的概率为（ ）.",https://image.zhihuishu.com/zhs/question-import/formula/202303/09f67dad732341899324688eb5ebf509.png,2026-09-19 07:58:15,错题采集
475,929419857,"100件产品中, 有80件为一等品, 15件为二等品, 5件为次品, 今从中任取一件产品, 已知其为非次品的条件下, 取得的是一等品的概率为（ ）.",https://image.zhihuishu.com/zhs/question-import/formula/202303/9405f3c9666b4df9aba646d6b35b7c5b.png,2026-09-19 07:58:15,错题采集
476,929419808,抛掷两个骰子，已知两个骰子点数之和为8，则其中一个骰子为3点的概率为 （ ）。,https://image.zhihuishu.com/zhs/question-import/formula/202303/803e9fca164c44b1a814440c103f27ae.png,2026-09-19 07:58:15,错题采集
477,929419828,试卷中有一道选择题，共有4个答案可供选择，其中只有一个答案是正确的，任一考生如果会解这道题，则一定能选出正确答案，如果不会解这道题，选中正确答案的概率是 ，设考生会解这道题的概率是0.7，则考生选出正确答案的前提下，会解这道题的概率为（ ）,https://image.zhihuishu.com/zhs/question-import/formula/202303/0b61f637fc7e4d90b1d696bc2a1aeaa5.png,2026-09-19 07:58:15,错题采集
478,929419811,两个袋子，第一个袋中有4个白球，2个红球，第二个袋中有3个白球，3个红球，从第一袋中抽取一球放入第二个袋中，再从第二个袋中抽取一球，已知在第二个袋中抽取为白球的条件下，从第一个袋中抽取的球为红球的概率为（ ）。,https://image.zhihuishu.com/zhs/question-import/formula/202303/aeded1cf515a42f9b5fbaf1531657396.png,2026-09-19 07:58:15,错题采集
479,929419812,两个袋子，第一个袋中有4个白球，2个红球，第二个袋中有3个白球，3个红球，从第一袋中抽取一球放入第二个袋中，再在第二个袋中抽取一球，已知在第二个袋中抽取为红球的条件下，从第一个袋中抽取的球为红球的概率为（ ）。,https://image.zhihuishu.com/zhs/question-import/formula/202303/a54535435bb94ba4a2197f385296af08.png,2026-09-19 07:58:15,错题采集
480,929419863,"设 三个事件两两独立, 则 相互独立的充要条件是（ ）.",与 独立,2026-09-19 08:03:06,错题采集
481,932473460,设 ，则下列结论中正确的是,事件 相互独立,2026-09-19 08:03:06,错题采集
482,932473372,设 ，则 与 必有,独立,2026-09-19 08:03:06,错题采集
483,932473387,将一枚均匀的硬币独立地掷三次，记事件 “正、反面都出现”， “正面最多出现一次”， “反面最多出现一次”，则下面结论中不正确的是,与 独立,2026-09-19 08:03:50,错题采集
484,932473376,设 为两个随机事件，且 ，则,https://hike-export.oss-cn-hangzhou.aliyuncs.com/paper/dev/20260523/31fb1064-6118-4b58-9e76-39bca001c44f.png,2026-09-19 08:06:26,错题采集
485,932473410,二阶行列式 的元素可能为 或 ，而 与 出现的概率均为 ，则该行列式的值为正数的概率是,https://hike-export.oss-cn-hangzhou.aliyuncs.com/paper/dev/20260311/b7629ded-3692-47ef-8a8e-5644bd96247c.png,2026-09-19 08:06:26,错题采集
486,932473465,设 是任意两个事件， ，则下列不等式中成立的是,https://hike-export.oss-cn-hangzhou.aliyuncs.com/paper/dev/20260623/14fa8ec4-cd57-40d9-a82d-f75df26b4015.png,2026-09-19 08:06:26,错题采集
487,932473368,设一批产品中一、二、三等品各占 ，现从中任取一件，结果不是三等品，则取到的是一等品的概率为,https://hike-export.oss-cn-hangzhou.aliyuncs.com/paper/dev/20260311/7eaf9931-c92c-401f-9213-b5675587693d.png,2026-09-19 08:13:29,错题采集
488,932473440,"设随机事件 与 互不相容,且 ,则",https://hike-export.oss-cn-hangzhou.aliyuncs.com/paper/dev/20260311/ff8a5c60-46fe-4065-9e3d-cfe8e45a254b.png,2026-09-19 08:13:29,错题采集
489,932473423,随机事件 满足 则,https://hike-export.oss-cn-hangzhou.aliyuncs.com/paper/dev/20260311/b3442ae6-747b-4a84-8fd1-0c376d751dd6.png,2026-09-19 08:13:29,错题采集
490,932473168,已知 ，则 （请用分数形式作答，例1/2）,2/3,2026-09-19 08:13:29,错题采集
491,932473408,设事件 互不相容，且 ，则下列结论一定成立的是,https://hike-export.oss-cn-hangzhou.aliyuncs.com/paper/dev/20260313/bd394958-a4ca-4f92-b8ab-175ccb548828.png,2026-09-19 08:13:29,错题采集
492,929419872,设随机事件 和 满足 ，则（ ）.,https://image.zhihuishu.com/zhs/question-import/formula/202303/00db5474eb0f4ba5836dba77173ceba4.png,2026-09-19 08:13:59,错题采集
493,929419829,"设随机事件 和 满足 , 则（ ）.",https://image.zhihuishu.com/zhs/question-import/formula/202303/8dfb1568c72441b1aa4a871fbc45134b.png,2026-09-19 08:13:59,错题采集
494,932473452,"设 为任意两个事件,且 则有",https://hike-export.oss-cn-hangzhou.aliyuncs.com/paper/dev/20260626/7921e093-82a4-4588-a48e-5499da081dc1.png,2026-09-19 08:13:59,错题采集
495,932473174,某种动物活 年的概率为 ，活 年的概率为 ，求现年 岁的这种动物活到 岁的概率为（请用分数形式作答，例1/2）,3/8,2026-09-19 08:13:59,错题采集
496,932473367,设 件产品中有 件不合格品，从中任取 件，已知所取的两件中有一件是不合格品，则另一件也是不合格品的概率为,https://hike-export.oss-cn-hangzhou.aliyuncs.com/paper/dev/20260523/9bc9bb94-ff9a-4d24-9a52-2568dc366965.png,2026-09-19 08:14:17,错题采集
497,932473391,对于事件 和 ，设 ，则下列各式正确的是,https://hike-export.oss-cn-hangzhou.aliyuncs.com/paper/dev/20260623/bfc7bfce-6692-4e77-8b98-57903bdb43e9.png,2026-09-19 08:14:17,错题采集
498,932473384,设 为随机事件，且 ，则必有,https://hike-export.oss-cn-hangzhou.aliyuncs.com/paper/dev/20260904/8e72fcc5-f832-40cb-bb60-eab3f52c1dc2.png,2026-09-19 08:14:17,错题采集
499,929419850,"设 为随机事件, 且满足 , 则（ ）.",https://image.zhihuishu.com/zhs/question-import/formula/202303/a686e7abe46246ada465d8ccf9ef0895.png,2026-09-19 08:14:17,错题采集
500,929419807,100个产品中，有80件为一等品，15件为二等品，5件为次品，今从中任取一件，已知为非次品的条件下，取得一等品的概率为（ ）。,https://image.zhihuishu.com/zhs/question-import/formula/202303/deac127645ec4464b7234ce65cb0d215.png,2026-09-19 08:14:17,错题采集
501,932473451,设事件 与 互不相容，且 ，则,https://hike-export.oss-cn-hangzhou.aliyuncs.com/paper/dev/20260905/bbaee009-a79f-4bbe-b07d-cab8eb07f8f0.png,2026-09-19 08:14:17,错题采集
502,932473158,对于任意二事件 和 （）,若 则 有可能独立,2026-09-19 08:15:14,错题采集
503,931999493,( ),独立,2026-09-19 08:16:22,错题采集
504,932473388,设 三个事件两两独立，则 相互独立的充要条件是,与 独立,2026-09-19 08:16:56,错题采集
505,932473464,设 ，则,事件 与 相互独立,2026-09-19 08:16:56,错题采集
506,932473355,若 为随机事件，且 ， 与 相互独立，则,https://hike-export.oss-cn-hangzhou.aliyuncs.com/paper/dev/20260523/3182762a-7dbc-4e50-9aad-ae487928494f.png,2026-09-19 08:17:35,错题采集
507,932473449,对于事件 ，下列命题正确的是,若 相互独立，那么 与 也相互独立.,2026-09-19 08:17:35,错题采集
508,929421209,设 为相互独立的随机事件，下列说法中正确的个数为（ ） ① 事件 与 一定独立 ② 事件 与 一定独立 ③ 事件 与 一定独立 ④ 事件 与 一定独立,2,2026-09-19 08:17:35,错题采集
509,929419851,"设随机事件 相互独立, , , 则 （ ）",https://image.zhihuishu.com/zhs/question-import/formula/202303/a12eb8933cc94c99ba7570ce2f2c4752.png,2026-09-19 08:19:45,错题采集
510,929421202,"将一枚硬币独立地掷两次, 设事件A 1 ={掷第一次出现正面}, A 2 ={掷第二次出现正面}, A 3 ={正、反两面各出现一次}, A 4 ={正面出现两次}, 则事件（ ）.","A1, A2, A3两两独立",2026-09-19 08:19:45,错题采集
511,932473375,设 是两个随机事件，且 ，则必有,https://hike-export.oss-cn-hangzhou.aliyuncs.com/paper/dev/20260311/f5061e76-5b58-4ee3-8003-06a28d6a17a5.png,2026-09-19 08:20:21,错题采集
512,932473392,设随机事件 与 互不相容， ，则下面结论一定成立的是,不独立|https://hike-export.oss-cn-hangzhou.aliyuncs.com/paper/dev/20260311/2673e609-e458-46e7-9a5d-9705faa6eb6e.png,2026-09-19 08:20:21,错题采集
513,932473454,已知 ，则事件 和,相容但不独立,2026-09-19 08:20:21,错题采集
514,931999490,( ),0,2026-09-19 08:20:21,错题采集
515,932473409,对同一目标接连进行 次独立重复射击，假设至少命中目标一次的概率为 ，则每次射击命中目标的概率为,https://hike-export.oss-cn-hangzhou.aliyuncs.com/paper/dev/20260905/d00f1f21-aa56-4c92-a7b5-6725ea9e3546.png,2026-09-19 08:22:16,错题采集
516,929419848,"设 为随机事件, 且 , 若成立等式 , 则事件 （ ）.",相互独立,2026-09-19 08:22:16,错题采集
517,931999492,( ),事件A与B互相独立,2026-09-19 08:22:16,错题采集
518,932473381,设 为两个随机事件，当 时，则下面（ ）成立,https://hike-export.oss-cn-hangzhou.aliyuncs.com/paper/dev/20260314/dc943e21-6087-4d99-ac3d-146e6dcc38b5.png,2026-09-19 08:22:16,错题采集
519,932473164,"假设 那么若 与 互不相容，则 %{“尺寸”:11,“占位”:“请填写”,“答案”:[“0.3”],“提示”:"""",“序号”:0}% ；若 与 相互独立，则",0.5,2026-09-19 08:22:16,错题采集
520,932473128,设 则事件 与,独立,2026-09-19 08:23:13,错题采集
521,931999485,( ),1/4,2026-09-19 08:23:13,错题采集
522,932473369,设事件 与 独立且不相容，则,https://hike-export.oss-cn-hangzhou.aliyuncs.com/paper/dev/20260312/cbff65e3-ea40-430d-b91d-b9dc48422aae.png,2026-09-19 08:23:13,错题采集
523,929415085,设袋中有4个乒乓球，其中1个涂有白色，1个涂有红色，1个涂有蓝色，1个涂有白、红、蓝三种颜色．今从袋中随机地取一个球，设事件A＝{取出的球涂有白色}，B＝{取出的球涂有红色}，C＝{取出的球涂有蓝色}．则事件A，B，C相互独立。（ ）,错,2026-09-19 08:23:13,错题采集
524,932473370,设三事件 相互独立且 ，则下述事件中不独立的是：,与|https://hike-export.oss-cn-hangzhou.aliyuncs.com/paper/dev/20260311/fc9166b7-b963-44b0-a656-799851cc9648.png,2026-09-19 08:23:13,错题采集
525,932473371,设三事件 两两独立，则 相互独立的充分必要条件是,与 独立|https://hike-export.oss-cn-hangzhou.aliyuncs.com/paper/dev/20260311/16c42995-c415-49b5-8ed6-16c1c304195e.png,2026-09-19 08:23:13,错题采集
526,932473234,设 是三个相互独立的随机事件，且 ，则下列四对事件中，不相互独立的是,与|https://hike-export.oss-cn-hangzhou.aliyuncs.com/paper/dev/20260313/d190f3ba-6295-4d69-999d-d8e2fa0dcd71.png,2026-09-19 08:24:11,错题采集
527,929419861,"设两个相互独立的事件 和 都不发生的概率为 , 发生 不发生的概率与 发生 不发生的概率相等, 则 =（ ）.",https://image.zhihuishu.com/zhs/question-import/formula/202303/ee88a5a8193b4785ad7891d88c15f701.png,2026-09-19 08:24:11,错题采集
528,929419830,"若 为随机事件, 则下列命题正确的是（ ）.","若 相互独立, 则 也相互独立|https://image.zhihuishu.com/zhs/question-import/formula/202303/00f73e67c475492fb8e4339da04c5105.png",2026-09-19 08:24:11,错题采集
529,932473416,设两个相互独立的事件 和 都不发生的概率为 发生 不发生的概率与 发生 不发生的概率相等，则,https://hike-export.oss-cn-hangzhou.aliyuncs.com/paper/dev/20260311/efe5f301-d1af-4da8-aa15-2c4a9f6feea9.png,2026-09-19 08:24:11,错题采集
530,931999494,( ),0.18,2026-09-19 08:24:11,错题采集
531,929419826,若 为任意事件，则下列命题正确的是（ ）。,若 相互独立，则 也相互独立|https://image.zhihuishu.com/zhs/question-import/formula/202303/33d60288438f48f7af28654a576236dd.png,2026-09-19 08:25:27,错题采集
532,929421203,"若 为随机事件, 则下列命题错误的是（ ）.",若 互不相容，则|https://image.zhihuishu.com/zhs/question-import/formula/202303/5d27916a61fe48b3b49e0c4e013fbd7c.png,2026-09-19 08:25:27,错题采集
533,932473150,"是相互独立的随机事件 , , 则 ( )",0.18,2026-09-19 08:25:27,错题采集
534,932473453,关于事件的独立性，下列结论正确的是,若事件 相互独立，则 相互独立|https://hike-export.oss-cn-hangzhou.aliyuncs.com/paper/dev/20260523/49576f05-9ba0-4f67-9e40-7be77fa9ca67.png,2026-09-19 08:25:27,错题采集
535,929421205,"设随机事件 相互独立, , , 则 （ ）.",0.97,2026-09-19 08:26:12,错题采集
536,929421186,"设随机事件 相互独立, , , 则 （ ）.",0.8,2026-09-19 08:26:12,错题采集
537,932473356,设 ， 与 相互独立，则,https://hike-export.oss-cn-hangzhou.aliyuncs.com/paper/dev/20260313/0442af75-23d2-4cbc-a2ca-ee8511d4fd6c.png,2026-09-19 08:26:12,错题采集
538,929421200,"设 , , , 则（ ）.",事件A与B相互独立,2026-09-19 08:26:12,错题采集
539,932473389,设 是三个相互独立的随机事件，且 。则在下列给定的四对事件中不相互独立的是,与|https://hike-export.oss-cn-hangzhou.aliyuncs.com/paper/dev/20260623/186f32d0-4606-4f36-9d4b-0b5826539267.png,2026-09-19 08:26:12,错题采集
540,936206263,随机变量的可能取值可以是有限的。,对,2026-09-19 08:27:05,错题采集
541,936206260,随机变量的可能取值可以是不可数无穷的。,对,2026-09-19 08:27:38,错题采集
542,936206239,随机变量是从样本空间到实数集的一个特殊映射。,对,2026-09-19 08:27:38,错题采集
543,936206254,随机变量的可能取值一定是不可数无穷的。,错,2026-09-19 08:27:38,错题采集
544,936206245,引入随机变量的目的之一是把随机事件数量化。,对,2026-09-19 08:27:38,错题采集
545,932473316,离散型随机变量 的分布律为 ，则,https://hike-export.oss-cn-hangzhou.aliyuncs.com/paper/dev/20260523/743382a7-6b2f-4bee-a485-117d14e53241.png,2026-09-19 08:29:19,错题采集
546,932473319,设离散型随机变量 的分布律为 ，则,https://hike-export.oss-cn-hangzhou.aliyuncs.com/paper/dev/20260523/2fc8cc68-d247-47a8-85de-ec080e9bcae1.png,2026-09-19 08:29:55,错题采集
547,929421177,某人向一目标独立重复射击，若每次击中目标的概率为 ，则此人第3次击中目标时恰好射击7次的概率为（ ）.,https://image.zhihuishu.com/zhs/ableCommons/uploadFile/202304/45f25f8f2a044d1b8c0451023298388c.png,2026-09-19 08:29:55,错题采集
548,932473148,"设随机变量 服从泊松分布 , 且",https://hike-export.oss-cn-hangzhou.aliyuncs.com/paper/dev/20260523/47d5dda5-a003-4d90-b5fe-cfcc8a7e942a.png,2026-09-19 08:30:19,错题采集
549,932473400,设离散型随机变量 的分布律为 其分布函数为 则,https://hike-export.oss-cn-hangzhou.aliyuncs.com/paper/dev/20260523/a41bd11e-3a9f-4f51-9746-f8ccaa031459.png,2026-09-19 08:30:19,错题采集
550,932473239,为 的分布律的充要条件为,且|https://hike-export.oss-cn-hangzhou.aliyuncs.com/paper/dev/20260311/f2c0ea69-0c7a-4ab9-9696-302dcb820629.png,2026-09-19 08:30:19,错题采集
551,932473436,设随机变量 的分布律为 则,https://hike-export.oss-cn-hangzhou.aliyuncs.com/paper/dev/20260316/18b917cb-a446-4160-8b75-b80155594991.png,2026-09-19 08:30:19,错题采集
552,932473420,随机变量 的分布率为： ；则,https://hike-export.oss-cn-hangzhou.aliyuncs.com/paper/dev/20260311/e3325f01-5d9b-4d07-885c-c57616efe970.png,2026-09-19 08:30:54,错题采集
553,932473173,随机变量 的分布律为 ，其中 ，则未知参数 的值为,1,2026-09-19 08:30:54,错题采集
554,931999503,( ),1/5,2026-09-19 08:30:54,错题采集
555,929346067,设随机变量 服从参数为 的泊松分布，则 =( ).,https://hike-export.oss-cn-hangzhou.aliyuncs.com/paper/dev/20260111/45077279-939d-4ffc-a8f6-ccbd68d1e73c.png,2026-09-19 08:30:54,错题采集
556,932473139,"一射手进行射击 , 击中目标的概率为 , 射击击中目标 次为止 , 设 表示首次击中目标所进行的射击次数 , 表示总共进行的射击次数 , 则 和 的联合分布率为 ( ) .",https://hike-export.oss-cn-hangzhou.aliyuncs.com/paper/dev/20260316/a6be9082-ed50-48f6-981b-841590a11ee0.png,2026-09-19 08:30:54,错题采集
557,931999500,( ),0.10,2026-09-19 08:30:54,错题采集
558,932473322,某人射击时，中靶率为 ．如果射击直到中靶为止，则射击次数为 的概率,https://hike-export.oss-cn-hangzhou.aliyuncs.com/paper/dev/20260311/6c2f16ec-2c77-4452-a812-a5818d942444.png,2026-09-19 08:31:29,错题采集
559,932473411,一大楼装有 个同类型的供水设备，调查表明在任一时刻 每个设备被使用的概率为 ，则在某一时刻恰有 个设备被使用的概率是,https://hike-export.oss-cn-hangzhou.aliyuncs.com/paper/dev/20260311/5808106f-e1e4-4ca5-87e4-3a815f2e25a4.png,2026-09-19 08:31:29,错题采集
560,932473338,设随机变量 服从于参数为 的二项分布，随机变量 服从于参数为 的二项分布，若 ，则,https://hike-export.oss-cn-hangzhou.aliyuncs.com/paper/dev/20260311/c9b50b19-af94-457a-a4fe-fea288f83037.png,2026-09-19 08:31:29,错题采集
561,932473311,某厂生产的零件合格率约为 ，零件出厂时每 个装一盒．设每盒中的不合格数为 ，则 通常服从,二项分布,2026-09-19 08:31:29,错题采集
562,932473359,将一枚均匀的硬币抛掷三次，恰有一次出现正面的概率为,https://hike-export.oss-cn-hangzhou.aliyuncs.com/paper/dev/20260523/f51bd3a2-7861-4ea1-93b8-75bc286b5810.png,2026-09-19 08:31:59,错题采集
563,931999502,某人射击时，中靶率为3/4．如果射击直到中靶为止，则射击次数为3的概率是( ),3/64,2026-09-19 08:31:59,错题采集
564,932473394,某人射击中靶的概率为 . 若射击直到中靶为止，则射击次数为 的概率为,https://hike-export.oss-cn-hangzhou.aliyuncs.com/paper/dev/20260311/ab20c2b8-9d8f-4144-9987-8f4879a5f69b.png,2026-09-19 08:31:59,错题采集
565,931999506,( ),https://image.zhihuishu.com/zhs/doctrans/docx2html/202012/c4dc247d5cfe4ce391af47b64fae8a36.png,2026-09-19 08:31:59,错题采集
566,931999514,( ),https://image.zhihuishu.com/zhs/doctrans/docx2html/202012/85192c15ca1c435cbbc638c4846af9a3.png,2026-09-19 08:32:38,错题采集
567,932473354,已知随机变量 ，且 ，则,https://hike-export.oss-cn-hangzhou.aliyuncs.com/paper/dev/20260311/8634834a-01c7-45aa-8a82-498b33ff0040.png,2026-09-19 08:32:38,错题采集
568,932473321,若随机变量 ，且 ，则,https://hike-export.oss-cn-hangzhou.aliyuncs.com/paper/dev/20260311/d44ffe7a-c771-44d8-9bb1-9d4de54d6aa0.png,2026-09-19 08:32:38,错题采集
569,932473396,设每次试验成功的概率为 ，重复进行试验直到第 次才取得 次成功的概率为,https://hike-export.oss-cn-hangzhou.aliyuncs.com/paper/dev/20260311/02e30c56-2e5b-47a0-a623-ec5465cf90f5.png,2026-09-19 08:32:38,错题采集
570,932473165,设随机变量 若 ，则 （请用分数形式作答，例1/2）,15/16,2026-09-19 08:32:38,错题采集
571,932473419,设随机变量 ，且 ，则,https://hike-export.oss-cn-hangzhou.aliyuncs.com/paper/dev/20260319/dec11ad5-bdb5-4fb4-be6b-ddc1977c12e3.png,2026-09-19 08:32:38,错题采集
572,932473435,下列函数中，( )可以作为某个随机变量的分布函数,https://hike-export.oss-cn-hangzhou.aliyuncs.com/paper/dev/20260323/26976abf-1c59-4e07-8622-a99e19d067c7.png,2026-09-19 08:34:19,错题采集
573,931999505,( ),0.25,2026-09-19 08:34:37,错题采集
574,932473352,设 是随机变量 的分布函数，则下列结论不正确的是,若 ，则|https://hike-export.oss-cn-hangzhou.aliyuncs.com/paper/dev/20260311/85743604-14f0-4c40-ae69-4e0f6be6eff0.png,2026-09-19 08:34:59,错题采集
575,932473332,设随机变量 的分布函数 则 的值为,https://hike-export.oss-cn-hangzhou.aliyuncs.com/paper/dev/20260523/4b6b8057-e719-4244-81c3-19b7a9ea7305.png,2026-09-19 08:34:59,错题采集
576,932473346,设随机变量 的分布函数分别为 ，为使 是某一随机变量分布函数，在下列给定的各组数值中应取,https://hike-export.oss-cn-hangzhou.aliyuncs.com/paper/dev/20260311/73623e61-3eb7-4539-baed-e602195b691a.png,2026-09-19 08:34:59,错题采集
577,931999504,( ),1,2026-09-19 08:35:18,错题采集
578,932473403,已知随机变量 的分布函数为 ，则,https://hike-export.oss-cn-hangzhou.aliyuncs.com/paper/dev/20260311/6de7ad63-6b12-430c-9672-0941fbfdecd7.png,2026-09-19 08:35:18,错题采集
579,932473147,"某一随机变量的分布函数为 , 则",0 . 25,2026-09-19 08:35:18,错题采集
580,932473323,随机变量 的分布律为 ， 为其分布函数，则,https://hike-export.oss-cn-hangzhou.aliyuncs.com/paper/dev/20260323/50d7524d-99ae-4f9d-9d6c-bf9ae0d2caf6.png,2026-09-19 08:35:18,错题采集
581,931999520,下列函数中，（）可以作为某个随机变量的分布函数( ),https://image.zhihuishu.com/zhs/doctrans/docx2html/202012/22db1bb7ba0a483da6c485a3f14aca2b.png,2026-09-19 08:35:18,错题采集
582,932473431,下列各函数中，哪一个不能作为分布函数？,https://hike-export.oss-cn-hangzhou.aliyuncs.com/paper/dev/20260622/28e21ea2-e0c1-44d4-80f1-2992e77b053d.png,2026-09-19 08:35:18,错题采集
583,932473331,设随机变量 的分布函数 则,https://hike-export.oss-cn-hangzhou.aliyuncs.com/paper/dev/20260625/1c930ab6-3033-4919-b53d-ac96c07b2ff3.png,2026-09-19 08:35:53,错题采集
584,932473308,设随机变量 ，则其分布函数 对任意实数 ，都有,https://hike-export.oss-cn-hangzhou.aliyuncs.com/paper/dev/20260603/cc7515b3-a659-4418-a48c-e76c1e85af81.png,2026-09-19 08:35:53,错题采集
585,932473315,随机变量 服从区间 上的均匀分布是指,落在区间 的任何子区间内的概率都与子区间的长度成正比|https://hike-export.oss-cn-hangzhou.aliyuncs.com/paper/dev/20260523/5df19259-303c-4ad4-ab48-bee118866c18.png,2026-09-19 08:36:47,错题采集
586,932473169,设连续型随机变量 的密度函数为 则,2,2026-09-19 08:36:47,错题采集
587,932473345,设 是连续型随机变量 的概率密度，则 一定是,可积函数,2026-09-19 08:37:29,错题采集
588,932473327,设随机变量 的密度函数为 ，则 的值是,https://hike-export.oss-cn-hangzhou.aliyuncs.com/paper/dev/20260323/e92134d1-8cb0-4b92-a3ef-5d928be39acb.png,2026-09-19 08:37:53,错题采集
589,932473146,"设随机变量 的概率密度函数是 , 则",https://hike-export.oss-cn-hangzhou.aliyuncs.com/paper/dev/20260523/9a84c5ba-d2f9-4000-a5c6-84c5e256ebff.png,2026-09-19 08:37:53,错题采集
590,932473144,"随机变量 的概率密度为 , 则 的值为 ( )",https://hike-export.oss-cn-hangzhou.aliyuncs.com/paper/dev/20260523/33152c4d-61dd-4e44-a8ef-10cfff9ec496.png,2026-09-19 08:37:53,错题采集
591,932473145,"设随机变量 , 则",https://hike-export.oss-cn-hangzhou.aliyuncs.com/paper/dev/20260326/2975bb2d-0782-4f2f-a434-4f2ee5778be9.png,2026-09-19 08:37:53,错题采集
592,932473335,设随机变量 的概率密度为 若 使得 ，则 的取值范围是,https://hike-export.oss-cn-hangzhou.aliyuncs.com/paper/dev/20260316/4b920d74-b7f0-461c-b53d-6eece6149ef0.png,2026-09-19 08:38:38,错题采集
593,932473433,"设随机变量 的概率密度为 ,则 的概率密度为",https://hike-export.oss-cn-hangzhou.aliyuncs.com/paper/dev/20260316/d4dd3ff5-188f-405d-8ccf-bd53817a0a76.png,2026-09-19 08:43:09,错题采集
594,932473251,设二维随机变量 的概率密度为 则 的值为,https://hike-export.oss-cn-hangzhou.aliyuncs.com/paper/dev/20260626/8b7bb1a4-12ca-4456-88c1-d01dac28243a.png,2026-09-19 08:52:16,错题采集
595,932473295,"设二维随机变量 是 上的均匀分布,其概率密度 是 则 的值为",https://hike-export.oss-cn-hangzhou.aliyuncs.com/paper/dev/20260524/fed7b2e6-8ba1-4557-b84b-b24c54b9d505.png,2026-09-19 08:52:57,错题采集
596,932473253,设二维随机变量 是由曲线 围成的区域 上的均匀分布，则其概率密度为 ，其中 的值为,https://hike-export.oss-cn-hangzhou.aliyuncs.com/paper/dev/20260311/af5fb395-c94d-4ea9-8190-60e42cabf494.png,2026-09-19 08:55:52,错题采集
597,932473287,"设二维随机向量 的联合分布函数为 ,则 关于 的边缘分布函数",https://hike-export.oss-cn-hangzhou.aliyuncs.com/paper/dev/20260524/81aeaf67-576d-4dc3-92b8-3b096f59a652.png,2026-09-19 08:58:24,错题采集
598,929346066,设在一段时间内进入某一商店的人数 服从参数为 的泊松分布，每个顾客相互独立，且购买某种物品的概率为0.1，则进入商店购买此物品的人数 服从的分布为（ ）.,泊松分布P（0.5）,2026-09-19 09:04:53,错题采集
599,932473225,已知 概率分布分别为 ，且 ，则 （请用分数形式作答，例1/2）,3/4,2026-09-19 09:04:53,错题采集
600,929369001,设二维随机变量 服从二维正态分布，且 不相关，则 一定独立. （ ）,对,2026-09-19 09:12:48,错题采集
601,929421286,在区间 之间随机地取两个数，则事件{两数的最大值大于 ） 发生的概率为（ ）,https://image.zhihuishu.com/zhs/question-import/formula/202303/e140caa79eb04a88aeff7a06c892fc3d.png,2026-09-19 09:16:32,错题采集
602,932473307,设 是相互独立的随机变量，其分布函数分别为 ，则 的分布函数是,https://hike-export.oss-cn-hangzhou.aliyuncs.com/paper/dev/20260905/038d87c4-2531-4552-8158-e7eeb39c0f2d.png,2026-09-19 09:16:32,错题采集
603,932473187,设 为两个随机变量 ，且 ，则,5/7,2026-09-19 09:17:45,错题采集
604,932473241,设随机变量 与 相互独立，其分布函数分别为 与 ，则随机变量 的分布函数 等于,https://hike-export.oss-cn-hangzhou.aliyuncs.com/paper/dev/20260311/45020f8a-1808-4df0-b576-224b792a7b8d.png,2026-09-19 09:17:45,错题采集
605,929347200,设随机变量 相互独立，且都服从区间 上的均匀分布，则 的值为( ). （ ）,https://hike-export.oss-cn-hangzhou.aliyuncs.com/paper/dev/20260523/66dab2b4-cf0c-4d02-a279-22ac61026c35.png,2026-09-19 09:17:45,错题采集
606,932473097,"设随机变量 与 相互独立同服从标准正态分布, 则 .",https://hike-export.oss-cn-hangzhou.aliyuncs.com/paper/dev/20260524/13c5fcf4-8b38-432f-95a5-3fdd28dba679.png,2026-09-19 09:17:45,错题采集
607,932473305,设两个相互独立的随机变量 和 分别服从正态分布 和 ，则,https://hike-export.oss-cn-hangzhou.aliyuncs.com/paper/dev/20260311/7881169e-59a0-43de-b5de-742cf6e9eb0a.png,2026-09-19 09:17:45,错题采集
608,932473223,设随机变量 的期望、方差存在， ，则,0,2026-09-19 09:20:05,错题采集
609,932473204,设随机变量 服从参数为 的泊松分布，且 ，则,1,2026-09-19 09:20:05,错题采集
610,932473189,设 是 次独立重复试验成功的次数，若每次试验成功的概率为 ，则,18.4,2026-09-19 09:20:05,错题采集
611,932473207,设 的分布函数 则,2,2026-09-19 09:23:01,错题采集
612,929369016,设圆盘半径在区间 上服从均匀分布，则圆盘周长的数学期望为 . （ ）,https://image.zhihuishu.com/zhs/question-import/formula/202303/4d7be37610f442f18f13fc615db27794.png,2026-09-19 09:23:01,错题采集
613,932473157,设随机变量 相互独立， 则 （）,https://hike-export.oss-cn-hangzhou.aliyuncs.com/paper/dev/20260905/9ce9ecc4-8778-4d8d-9d55-f2b4bffd8352.png,2026-09-19 09:23:01,错题采集
614,932473249,设随机变量 独立，分布同为正态分布 则 为,https://hike-export.oss-cn-hangzhou.aliyuncs.com/paper/dev/20260524/018c0747-756c-4b00-8033-c234611731f8.png,2026-09-19 09:23:47,错题采集
615,932473272,设 的概率密度为 则,https://hike-export.oss-cn-hangzhou.aliyuncs.com/paper/dev/20260417/ddd28dc5-976e-4da7-a407-5eabab3eded0.png,2026-09-19 09:23:47,错题采集
616,932473278,设随机变量 与 相互独立，且都服从泊松分布.又已知 ，则,https://hike-export.oss-cn-hangzhou.aliyuncs.com/paper/dev/20260321/246ec367-b632-4cf1-a0b3-47d21625f509.png,2026-09-19 09:23:47,错题采集
617,932473286,设随机变量 相互独立， 则,https://hike-export.oss-cn-hangzhou.aliyuncs.com/paper/dev/20260916/ebcc1cfd-1c5d-4544-8b07-4b9235c14b5d.png,2026-09-19 09:24:36,错题采集
618,932473274,随机变量 的分布列为 则,https://hike-export.oss-cn-hangzhou.aliyuncs.com/paper/dev/20260311/318f6ca6-54fa-4449-9109-6cca78549730.png,2026-09-19 09:24:36,错题采集
619,932473269,测量正方形的边长，设其值均匀地分布在 内，则正方形面积的数学期望为,https://hike-export.oss-cn-hangzhou.aliyuncs.com/paper/dev/20260623/60774d16-328e-4c64-a749-e827baecd692.png,2026-09-19 09:24:36,错题采集
620,932473195,已知随机向量 的联合密度函数 则,4/3,2026-09-19 09:24:36,错题采集
621,932473135,"一口袋中有 个红球和 个白球 , 某人从该口袋中随机摸出一球 , 摸得红球得 分 , 摸得白球得 分 , 则他所得分数的数学期望为 ( )",3.8,2026-09-19 09:24:36,错题采集
622,932473201,已知 的联合密度函数 则,4/3,2026-09-19 09:25:36,错题采集
623,932473212,设随机变量 的密度函数为: 则 （请用分数形式作答，例1/2）,3/4,2026-09-19 09:25:36,错题采集
624,929368993,设随机变量 和 ，则 . （ ）,错,2026-09-19 09:26:47,错题采集
625,932473277,设随机变量 的分布列为 则,不存在,2026-09-19 09:26:47,错题采集
626,929368990,"设随机变量 服从参数为 的泊松分布, 且 , 则 . （ ）",对,2026-09-19 09:26:47,错题采集
627,932473293,若离散型随机变量 的分布列为 ，则,不存在,2026-09-19 09:26:47,错题采集
628,932473227,设 表示 次独立重复射击命中目标的次数，每次命中目标的概率为 ，则,18.4,2026-09-19 09:27:45,错题采集
629,932473290,"某车间生产的圆盘其直径在区间 上服从均匀分布, 则圆盘面积的数学期望是",https://hike-export.oss-cn-hangzhou.aliyuncs.com/paper/dev/20260311/52bc6e18-5b52-4f5c-84e7-5eef2d545cfb.png,2026-09-19 09:27:45,错题采集
630,932473228,已知 则 (用最简分数表示),18/11,2026-09-19 09:28:16,错题采集
631,929368999,随机变量 ，则 . （ ）,错,2026-09-19 09:28:16,错题采集
632,932473275,设随机变量 的分布列为 则,https://hike-export.oss-cn-hangzhou.aliyuncs.com/paper/dev/20260417/23c4a143-b28e-4a9e-a6d3-7f8f5d9bbeb6.png,2026-09-19 09:28:16,错题采集
633,932473301,设两个相互独立的随机变量 和 的方差分别为 和 ，则随机变量 的方差是,https://hike-export.oss-cn-hangzhou.aliyuncs.com/paper/dev/20260524/bb9ec14b-75c9-49ad-b968-97c667db3c48.png,2026-09-19 09:30:06,错题采集
634,932473179,设随机变量 的方差为 ，则根据切比雪夫不等式估计 （请用分数形式作答，例1/2）,1/2,2026-09-19 09:30:06,错题采集
635,932473282,设随机变量 存在数学期望和方差，已知 ，利用切比雪夫不等式估计,https://hike-export.oss-cn-hangzhou.aliyuncs.com/paper/dev/20260523/01de3921-4a73-4119-ba26-e85b06f7f4fd.png,2026-09-19 09:30:06,错题采集
636,932473095,"设随机变量 与 的期望分别为 和 , 方差分别为 和 , 相关系数为 , 则根据切比雪夫不等式 .",https://hike-export.oss-cn-hangzhou.aliyuncs.com/paper/dev/20260623/5e47c63d-2d27-445a-8122-eaef46ea0fd9.png,2026-09-19 09:31:35,错题采集
637,932473191,随机变量 与 相互独立，且 ，则,44,2026-09-19 09:31:35,错题采集
638,932473192,设随机变量 的期望 和方差 都存在，令 ，则,1,2026-09-19 09:33:15,错题采集
639,932473254,设随机变量 且 与 相互独立，则下列正确的是,https://hike-export.oss-cn-hangzhou.aliyuncs.com/paper/dev/20260311/e4ff5a02-c014-4275-b79b-d28a9f992554.png,2026-09-19 09:33:15,错题采集
640,932473243,设两个相互独立的随机变量 与 分别服从正态分布 和 ，则,https://hike-export.oss-cn-hangzhou.aliyuncs.com/paper/dev/20260311/258480d2-23c7-4b8b-9491-cf094da25450.png,2026-09-19 09:35:44,错题采集
641,932473244,设相互独立的随机变量 和 的方差分别为 和 ，则 的方差是,https://hike-export.oss-cn-hangzhou.aliyuncs.com/paper/dev/20260623/1fee5fd2-8c4f-4d9b-b61c-f0b60e3efc73.png,2026-09-19 09:35:44,错题采集
642,929368994,设随机变量 和 相互独立，则 . （ ）,错,2026-09-19 09:35:44,错题采集
643,932473276,设随机变量 ，且 相互独立，则,https://hike-export.oss-cn-hangzhou.aliyuncs.com/paper/dev/20260311/6ed25f7f-694a-46b0-a783-4b6057e20693.png,2026-09-19 09:35:44,错题采集
644,932473099,"设 , 则 .",https://hike-export.oss-cn-hangzhou.aliyuncs.com/paper/dev/20260524/a03a58fb-9f35-453e-ace1-ac4fabac2ffa.png,2026-09-19 09:37:18,错题采集
645,932473289,设随机变量 ，且 与 相互独立，则下面 （ ） 正确。,https://hike-export.oss-cn-hangzhou.aliyuncs.com/paper/dev/20260407/e2bdff6e-f816-4fd9-8731-f0266a67aefd.png,2026-09-19 09:37:18,错题采集
646,931999442,人的体重为随机变量 ， ， 。10个人的平均重量记为 ，则（ ）正确。,https://image.zhihuishu.com/zhs/doctrans/docx2html/202012/d524526b718b433083f982d7528a298b.png,2026-09-19 09:37:18,错题采集
647,932473219,"随机变量 相互独立,且都服从均匀分布 令 则 （请用分数形式作答，例1/2）",21/2,2026-09-19 09:37:18,错题采集
648,932473193,设随机变量 服从以 为参数的二项分布，且 ，则,45,2026-09-19 09:38:36,错题采集
649,929369017,设随机变量 服从 上的均匀分布，则随机变量 的方差 . （ ）,错,2026-09-19 09:38:36,错题采集
650,932473131,两个独立随机变量 则下列不成立的是 ( ),https://hike-export.oss-cn-hangzhou.aliyuncs.com/paper/dev/20260625/3d7f7381-0d02-4e5e-a6a4-537468b123a4.png,2026-09-19 09:38:36,错题采集
651,932473205,设随机变量 服从 上均匀分布，则,1/3,2026-09-19 09:38:36,错题采集
652,932473208,已知 ，由切比雪夫不等式估计 （请用分数形式作答，例1/2）,1/8,2026-09-19 09:38:36,错题采集
653,929369004,设随机变量 服从二项分布 ，且 ， ，则 .（ ）,.|https://image.zhihuishu.com/zhs/question-import/formula/202303/7935c8942d9f437e9223b2a8030e6c8b.png,2026-09-19 09:38:36,错题采集
654,929369011,设随机变量 服从 上的均匀分布，且 ， ，则 . （ ）,1.,2026-09-19 09:40:07,错题采集
655,932473221,已知随机变量 则有,1/3,2026-09-19 09:40:07,错题采集
656,932473266,若 的分布函数为 则,https://hike-export.oss-cn-hangzhou.aliyuncs.com/paper/dev/20260524/5de99514-74f1-4a5a-8b76-4ab8b8e212ad.png,2026-09-19 09:40:07,错题采集
657,931999497,( ),https://image.zhihuishu.com/zhs/doctrans/docx2html/202012/a5deb9fa50e3460db8f24ff59d17b399.png,2026-09-19 09:40:07,错题采集
658,932473198,设随机变量 服从 上的均匀分布， ，则,4/3,2026-09-19 09:40:07,错题采集
659,932473270,设 为 重独立重复试验中成功出现的次数，且 ，则,https://hike-export.oss-cn-hangzhou.aliyuncs.com/paper/dev/20260524/1846b8d2-e94b-4f4c-a66b-39b91d7a0deb.png,2026-09-19 09:40:39,错题采集
660,932473284,"设 , 则",https://hike-export.oss-cn-hangzhou.aliyuncs.com/paper/dev/20260512/69dfcd2e-4cf3-45a3-bc00-d194fa2be917.png,2026-09-19 09:40:39,错题采集
661,932473255,"设 且相互独立, 则 ( ) 成立。",https://hike-export.oss-cn-hangzhou.aliyuncs.com/paper/dev/20260524/16004124-779f-41f1-b7d4-db4596c70f2a.png,2026-09-19 09:40:39,错题采集
662,932473294,"设 且相互独立, 则 ( ) 成立。",https://hike-export.oss-cn-hangzhou.aliyuncs.com/paper/dev/20260415/1d4926a2-a197-4fae-9c75-f7dbc8d5aed4.png,2026-09-19 09:40:39,错题采集
663,932473280,设随机变量 ，且 与 相互独立。则,https://hike-export.oss-cn-hangzhou.aliyuncs.com/paper/dev/20260313/3ccce39a-1e01-409e-bc4d-2e32a9a899a6.png,2026-09-19 09:40:39,错题采集
664,929369014,若 服从正态分布 且 相互独立，则 服从的分布为 . （ ）.,https://image.zhihuishu.com/zhs/question-import/formula/202303/a5d56fbe491f48bbb27cdfaece135cac.png,2026-09-19 09:40:39,错题采集
665,932473132,"若 和 同分布 , 且 , 则下列说法正确的是 ( )",和 一定不相关|https://hike-export.oss-cn-hangzhou.aliyuncs.com/paper/dev/20260313/3b50198b-2036-4f10-bde8-206d0ca0a9c2.png,2026-09-19 09:42:16,错题采集
666,932473184,已知 ，则 的相关系数,1,2026-09-19 09:42:16,错题采集
667,932473226,设 ，则 与 的相关系数为,0.9,2026-09-19 09:42:16,错题采集
668,932473246,设随机变量 独立同分布，其方差为 ，令 ，则,https://hike-export.oss-cn-hangzhou.aliyuncs.com/paper/dev/20260623/057ba70c-8f2d-465b-9b97-66578917bf93.png,2026-09-19 09:43:33,错题采集
669,932473242,设两个随机变量 与 满足 则必有,与 不相关|https://hike-export.oss-cn-hangzhou.aliyuncs.com/paper/dev/20260313/c5a32ad7-aa62-4f18-9d3b-df5f25f04e7d.png,2026-09-19 09:43:33,错题采集
670,932473297,将一枚硬币重复掷 次，以 和 分别表示正面向上和反面向上的次数，则 和 的相关系数等于,https://hike-export.oss-cn-hangzhou.aliyuncs.com/paper/dev/20260512/caaeb0e2-94e3-4890-b094-e5da3e4b3689.png,2026-09-19 09:44:57,错题采集
671,932473176,设随机变量 其中 则 （请填写小数）,0.5,2026-09-19 09:44:57,错题采集
672,932473129,"若随机向量 服从二维正态分布 , 则 一定相互独立 ; ②若 , 则 一定相互独立 ; 和 都服从一维正态分布 ; ④若 相互独立 , 则 . 几种说法中正确的是 ( )",②③④,2026-09-19 09:44:57,错题采集
673,932473096,"若随机变量 与 的相关系数 , 则下列结论正确的是( ).",https://hike-export.oss-cn-hangzhou.aliyuncs.com/paper/dev/20260311/e0f145d1-9e6e-4977-a25b-aff2011dbbde.png,2026-09-19 09:45:44,错题采集
674,932473121,设二维随机变量 服从二维正态分布，其中 ，则随机变量 和 不相关的充要条件为（ ）,https://hike-export.oss-cn-hangzhou.aliyuncs.com/paper/dev/20260623/a6d4f095-eee5-4d9d-84c8-3af43a92684a.png,2026-09-19 09:45:44,错题采集
675,932473299,设二维随机变量 服从二维正态分布，则随机变量 与 不相关的充要条件为,https://hike-export.oss-cn-hangzhou.aliyuncs.com/paper/dev/20260313/0d60e4b7-898a-4bee-8289-0919d4bfcdc3.png,2026-09-19 09:45:44,错题采集
676,932473265,设随机变量 与 的方差分别为 和 ，且 ，则,https://hike-export.oss-cn-hangzhou.aliyuncs.com/paper/dev/20260519/0aa608cc-aef4-4062-ac3e-e8c13dd33d45.png,2026-09-19 09:47:00,错题采集
677,932473162,设随机变量 和 的相关系数为 则,6,2026-09-19 09:47:00,错题采集
678,932473259,若随机向量 服从二维正态分布，则 ① 一定相互独立； ② 若 ，则 一定相互独立；③ 和 都服从一维正态分布；④ 若 相互独立，则 几种说法中正确的是,② ③ ④,2026-09-19 09:47:00,错题采集
679,932473177,将一枚硬币重复抛掷 次，以 和 分别表示正面向上和反面向上的次数，则 和 的相关系数等于,-1,2026-09-19 09:48:15,错题采集
680,932473302,若随机变量 与 的相关系数 ，则下列结论正确的是,https://hike-export.oss-cn-hangzhou.aliyuncs.com/paper/dev/20260424/e68e1718-b919-4ede-a67a-ebe9973b4b1c.png,2026-09-19 09:48:15,错题采集
681,932473224,设 ，则,-1,2026-09-19 09:49:08,错题采集
682,932473300,若随机变量 和 的协方差 ，则以下结论正确的是,https://hike-export.oss-cn-hangzhou.aliyuncs.com/paper/dev/20260311/c601af65-41b4-4d55-8dd6-7f2a793df28f.png,2026-09-19 09:49:08,错题采集
683,932473229,设 的概率分布为： 则,-0.02,2026-09-19 09:49:08,错题采集
684,932473222,设 ，且 与 相互独立，则,0,2026-09-19 09:49:58,错题采集
685,932473180,已知 ，则,33,2026-09-19 09:49:58,错题采集
686,932473258,是二维随机向量，与 不等价的是,和 相互独立|https://hike-export.oss-cn-hangzhou.aliyuncs.com/paper/dev/20260623/1054d3ea-5cd4-4180-9f40-1a42fd86ff2d.png,2026-09-19 09:49:58,错题采集
687,932473245,设随机变量 ，且相关系数 ，则,https://hike-export.oss-cn-hangzhou.aliyuncs.com/paper/dev/20260623/e2315bd5-3430-4fb4-aad6-49859df78e78.png,2026-09-19 09:49:58,错题采集
688,932473197,设 为二维随机向量， 均不为零。若有常数 与 使 ，则 与 的相关系数,-1,2026-09-19 09:49:58,错题采集
689,932473220,已知 ，则,37,2026-09-19 09:51:41,错题采集
690,929368995,设随机变量 和 的相关系数 ，则 和 一定相互独立. （ ）,错,2026-09-19 09:52:33,错题采集
691,932473182,设随机变量 和 独立同正态分布 ，则 与 的相关系数 （请用分数形式作答，例1/2）,3/5,2026-09-19 09:52:33,错题采集
692,932473217,设随机变量 已知 则 的方差,34,2026-09-19 09:52:33,错题采集
693,932473210,已知随机变量 的相关系数 ，设 ，则 与 的相关系数,0,2026-09-19 09:52:33,错题采集
694,929368996,设 和 是两个任意的随机变量，则 . （ ）,对,2026-09-19 09:52:33,错题采集
695,929368998,设 和 是两个随机变量，且满足 ，则 的相关系数 . （ ）,错,2026-09-19 09:52:33,错题采集
696,929423661,"设 相互独立, 且都服从参数为2的泊松分布, 则当 时, 依概率收敛于",6,2026-09-19 09:55:55,错题采集
697,929480280,独立同分布的随机变量序列一定服从辛钦大数定律.（ ）,错,2026-09-19 09:55:55,错题采集
698,931999436,假设随机变量 相互独立，则根据辛钦大数定律，当 充分大时， 依概率收敛于其共同的数学期望，只要 （ ）。,服从同一泊松分布,2026-09-19 09:55:55,错题采集
699,932473155,设随机变量序列 相互独立，则根据辛钦大数定律，当 时， 依概率收敛其数学期望，只要 （ ）,服从同一均匀分布,2026-09-19 09:55:55,错题采集
700,932473172,设 是独立同分布的随机变量序列，且 ，则对任意给定的 有,0,2026-09-19 09:55:55,错题采集
701,931999440,设随机变量 相互独立同分布，且均服从参数为 的指数分布，记 为标准正态分布分布函数，则（ ）。,https://image.zhihuishu.com/zhs/doctrans/docx2html/202012/97a9909e9e2e495ba45be17cbde4f4de.png,2026-09-19 09:59:34,错题采集
702,931999437,设随机变量 相互独立， ，则根据独立同分布的中心极限定理，当 充分大时， 近似服从正态分布，只要 （ ）。,服从同一指数分布,2026-09-19 09:59:54,错题采集
703,931999439,假设某单位交换台有 部分机，每部分机呼叫外线的概率为 ，则根据中心极限定理，为使每部分机呼叫外线时能及时得到满足的概率 ，需要设置外线的最少条数 （ ）。（其中 ）,33,2026-09-19 09:59:54,错题采集
704,932473292,"设随机变量 相互独立 则根据列维－林德伯格 中心极限定理 近似服从正态分布, 只要",服从同一指数分布,2026-09-19 09:59:54,错题采集
705,932473248,设随机变量 相互独立， ，则根据列维-林德伯格中心极限定理，当 充分大时， 近似服从正态分布，只要,服从同一指数分布,2026-09-19 10:00:34,错题采集
706,932473291,某型号螺丝钉的重量是相互独立同分布的随机变量，其期望是 斤，标准差是 斤。则 个该型号螺丝钉重量不超过 斤的概率近似为,https://hike-export.oss-cn-hangzhou.aliyuncs.com/paper/dev/20260523/f17b75ae-2808-4a9f-9f16-0c7344f8bb6d.png,2026-09-19 10:00:56,错题采集
707,932473122,设 来自总体 的简单随机样本，其中 表示标准正态分布函数，则由中心极限定理， 的近似值为（ ）.,https://hike-export.oss-cn-hangzhou.aliyuncs.com/paper/dev/20260313/f4beb7e4-070e-4ef8-921b-425712b098e0.png,2026-09-19 10:00:56,错题采集
708,932473262,设 为标准正态分布函数，且 ， 相互独立。令 ，则由中心极限定理知 的分布函数 近似于,https://hike-export.oss-cn-hangzhou.aliyuncs.com/paper/dev/20260523/fbb43d3f-3d15-463b-8f8e-350954d248d4.png,2026-09-19 10:00:56,错题采集
709,932473264,已知 的密度为 ， 的方差存在并且 相互独立，则对任何实数 ，概率 是,可以用中心极限定理计算出近似值,2026-09-19 10:00:56,错题采集
710,929480281,独立同分布的随机变量序列一定服从列维-林德伯格中心极限定理.（ ）,错,2026-09-19 10:00:56,错题采集
711,931999438,设随机变量 相互独立， ，则当 时， 的极限分布不是标准正态分布，只要 都服从（ ）。,柯西分布,2026-09-19 10:00:56,错题采集
712,929372768,所谓独立样本，是指双样本是在两个总体中相互独立地抽取的。（ ）,对,2026-09-19 10:03:32,错题采集
713,931999441,设 是来自正态总体 的样本，其中 已知， 未知，则下列不是统计量的是（ ）。,https://image.zhihuishu.com/zhs/doctrans/docx2html/202012/d5b7c21c77284e37876f719ecd527a89.png,2026-09-19 10:07:08,错题采集
714,929423622,"设总体 服从正态分布 , 其中 已知， 未知， 为来自 的简单随机样本，则下列选项中不是统计量的是（ ）",https://hike-export.oss-cn-hangzhou.aliyuncs.com/paper/dev/20260523/d7d43505-4184-4005-aaea-a57c9637e4de.png,2026-09-19 10:07:33,错题采集
715,929425122,设总体 服从二项分布 ， 是来自总体 的简单随机样本， 为样本均值，则 为 .（ ）,https://image.zhihuishu.com/zhs/question-import/formula/202303/fc24061915f94d488b3e7728b61c421b.png,2026-09-19 10:07:33,错题采集
716,929423656,"设 为来自总体 的简单随机样本, 且 , , 则下列选项正确的是（ ）.",https://hike-export.oss-cn-hangzhou.aliyuncs.com/paper/dev/20260307/c0f46747-73aa-4e19-ba51-5e3d25979291.png,2026-09-19 10:08:24,错题采集
717,929423629,设 为来自 分布总体的简单随机样本，且 ， 为样本均值，则下列选项正确的是（ ）.,https://hike-export.oss-cn-hangzhou.aliyuncs.com/paper/dev/20260307/a5e3a586-cbb7-4a8e-bb85-e5940f967e40.png,2026-09-19 10:09:19,错题采集
718,929423655,"设总体 服从正态分布 , 其中 未知, 已知, 为来自 的简单随机样本, 则下列选项中不是统计量的是（ ）.",https://hike-export.oss-cn-hangzhou.aliyuncs.com/paper/dev/20260111/912f9a9f-ab51-48eb-b4a5-71116fd3e47f.png,2026-09-19 10:09:19,错题采集
719,929425143,"设 为来自总体 的简单随机样本, 则样本均值 , 样本方差 . （ ）",错,2026-09-19 10:09:19,错题采集
720,929423653,"设 是来自正态总体 的简单随机样本, 为样本方差, 则 （ ）.",https://hike-export.oss-cn-hangzhou.aliyuncs.com/paper/dev/20260524/c584628b-9181-4266-9da2-67910cfd0df7.png,2026-09-19 10:12:02,错题采集
721,929425121,设 是来自正态总体 的简单随机样本， 表示样本均值， 表示样本方差，则下列选项中错误的是 。（ ）,https://image.zhihuishu.com/zhs/question-import/formula/202303/31e427c2ec194120b065e42961b676c1.png,2026-09-19 10:12:02,错题采集
722,929423664,"设总体 服从标准正态分布 , 为来自 的简单随机样本, 为样本方差, 则 （ ）.",https://image.zhihuishu.com/zhs/question-import/formula/202303/166307370ae04c7ab447e6a776798ef3.png,2026-09-19 10:12:02,错题采集
723,929423683,"设 为来自正态总体 的简单随机样本, 为样本均值, 为样本方差, 则有 .（ ）",https://image.zhihuishu.com/zhs/question-import/formula/202303/784d45a1aab840b597a567ea7cbe993d.png,2026-09-19 10:12:02,错题采集
724,929423627,"设 为来自正态总体 的简单随机样本, 则样本均值 服从的分布为（ ）.",https://hike-export.oss-cn-hangzhou.aliyuncs.com/paper/dev/20260522/e216ca66-43ad-4999-9c0e-27fb9196f7b3.png,2026-09-19 10:12:02,错题采集
725,929423671,"设 为来自正态总体 的简单随机样本, , , , 服从 分布, 则常数 及 分布的自由度 分别为（）.",https://image.zhihuishu.com/zhs/question-import/formula/202303/6ef0e1992915462a93528a3c9384db12.png,2026-09-19 10:12:02,错题采集
726,929423645,"设 是来自正态总体 的简单随机样本, 则 服从的分布为（ ）.",https://hike-export.oss-cn-hangzhou.aliyuncs.com/paper/dev/20260111/98685e2a-0062-47ea-9dad-d8d28ec935ef.png,2026-09-19 10:12:52,错题采集
727,929425145,"设 为来自总体 的简单随机样本, 则样本均值 和样本方差 相互独立. （ ）",错,2026-09-19 10:12:52,错题采集
728,929423658,"设 是来自正态总体 的简单随机样本, 则统计量 服从（ ）分布.",https://hike-export.oss-cn-hangzhou.aliyuncs.com/paper/dev/20260524/f17266fe-63b5-4df0-9db8-ed350cd123e4.png,2026-09-19 10:12:52,错题采集
729,929423651,"设 为来自正态总体 的简单随机样本, 则统计量 服从的分布为（ ）.",https://hike-export.oss-cn-hangzhou.aliyuncs.com/paper/dev/20260309/95302772-8723-4a5a-84e0-c33524746970.png,2026-09-19 10:12:52,错题采集
730,929423625,"设 为来自正态总体 的简单随机样本，记 ， , 则 服从的分布为( ).",https://hike-export.oss-cn-hangzhou.aliyuncs.com/paper/dev/20260307/eaa33167-a208-4bdb-9333-4751b76c222f.png,2026-09-19 10:12:52,错题采集
731,929425147,设总体 ， 为样本， 分别为样本均值和标准差，则下列正确的是（ ）,https://image.zhihuishu.com/zhs/question-import/formula/202303/807a224fe17940b791496f91ed2a0fab.png,2026-09-19 10:12:52,错题采集
732,929369997,"设 为来自正态总体 的简单随机样本, 其中 未知, 则样本均值 可作为 的矩估计量. （ ）",对,2026-09-19 10:15:17,错题采集
733,929370005,总体未知参数的矩估计量是唯一的. （ ）,错,2026-09-19 10:15:17,错题采集
734,929371309,"设总体 服从泊松分布 , 其中 为未知参数, 为来自 的简单随机样本, 为样本均值, 为样本方差, 则 的矩估计为（ ）.",https://image.zhihuishu.com/zhs/question-import/formula/202303/1f03e165b54847e292cecd2f3a4faff1.png,2026-09-19 10:15:17,错题采集
735,931999476,设 是来自二项分布总体 的样本，其中 已知，则未知参数 的矩估计量 （ ）。,https://image.zhihuishu.com/zhs/doctrans/docx2html/202012/dfe4b6fbe8934effbab00f3e7478fb73.png,2026-09-19 10:15:17,错题采集
736,932473119,设总体 服从区间 上的均匀分布 为样本，则 的极大似然估计为（ ）,https://hike-export.oss-cn-hangzhou.aliyuncs.com/paper/dev/20260509/159a0e73-f533-4376-b838-6526eb1a0a06.png,2026-09-19 10:17:09,错题采集
737,929369999,参数估计中，未知参数的极大似然估计是唯一的. （ ）,错,2026-09-19 10:17:46,错题采集
738,929369995,"参数估计中, 未知参数的矩估计和极大似然估计的结果是一样的. （ ）",错,2026-09-19 10:18:44,错题采集
739,931999479,设 是总体 的样本，且 ， ，则当 （ ）时， 是 的无偏估计。,https://image.zhihuishu.com/zhs/doctrans/docx2html/202012/278a1a8eb8d44a4cb8605c3a5ea29787.png,2026-09-19 10:19:34,错题采集
740,929370003,设 是总体分布中未知参数 的一个估计量，且满足 ，则 称为 的无偏估计量. （ ）,对,2026-09-19 10:19:34,错题采集
741,929371026,"设 为来自总体 的简单随机样本, 为样本均值, 则 可作为总体方差的无偏估计. （ ）",错,2026-09-19 10:20:03,错题采集
742,932473094,"设 为来自二项分布总体 的简单随机样本, 和 分别为 样本均值和样本方差, 若 为 的无偏估计量, 则 .",https://hike-export.oss-cn-hangzhou.aliyuncs.com/paper/dev/20260523/73f60801-8976-43be-9417-476c37f38ef7.png,2026-09-19 10:20:03,错题采集
743,929371303,设总体 服从参数为 的泊松分布， 是来自总体 的简单随机样本， 且统计量 是 的一个无偏估计量，则常数 .（ ）,https://image.zhihuishu.com/zhs/question-import/formula/202303/ba761246a6394ac2aa1731129995298e.png,2026-09-19 10:20:22,错题采集
744,929371016,"设总体 的期望和方差均存在, 为来自总体 的简单随机样本, 为样本均值, 则统计量（ ）是总体方差的无偏估计.",https://image.zhihuishu.com/zhs/question-import/formula/202303/85750d80e3b7480fbe8b25e65658fbc6.png,2026-09-19 10:20:22,错题采集
745,929371276,"设 为来自总体 的简单随机样本, 统计量 为 的一个无偏估计, 则 .（ ）",https://image.zhihuishu.com/zhs/question-import/formula/202303/1c49ddf6a5b04efaa9f4a2136200423c.png,2026-09-19 10:20:41,错题采集
746,931999478,设 是来自正态分布总体 的样本，则 ， ， ， ， 中有（ ）个是 的无偏估计量。,https://image.zhihuishu.com/zhs/doctrans/docx2html/202012/3c3f64d3487e42d7b8f042c17c2cc12b.png,2026-09-19 10:20:41,错题采集
747,932473120,设总体 的数学期望 ，方差 是来自总体 的简单随机样本，则下列 的估计量中最有效的是（ ）,https://hike-export.oss-cn-hangzhou.aliyuncs.com/paper/dev/20260517/e07c7565-da4a-4a37-9951-08004f2aa4aa.png,2026-09-19 10:20:41,错题采集
748,929370007,"设 是总体分布中未知参数 的无偏估计量, 则 也是 的无偏估计量. （ ）",错,2026-09-19 10:20:58,错题采集
749,929371021,"若总体 的均值为 , 方差为 , 是来自 的样本, 则下列三个关于 的无偏估计量 , 最有效的是（ ）.",https://image.zhihuishu.com/zhs/question-import/formula/202303/63f84d333ac348cfa19b8c7694766d25.png,2026-09-19 10:20:58,错题采集
750,929423675,"设 为来自正态总体 的简单随机样本, 为样本方差, 则 .（ ）",1,2026-09-19 10:21:15,错题采集
751,929370001,已知总体 的均值和方差分别为 ， 为来自 的简单随机样本，则不论总体 服从什么分布，样本均值 ，样本方差 都是总体均值 和总体方差 的无偏估计. （ ）,对,2026-09-19 10:21:15,错题采集
752,929369996,"设 为来自正态总体 的样本, 则 和 均为 无偏估计, 且 更有效. （ ）",对,2026-09-19 10:21:15,错题采集
753,929370000,设 为来自正态总体 的样本，则 和 均为 无偏估计，且 更有效. （ ）,错,2026-09-19 10:21:15,错题采集
754,929371015,"设总体 的二阶矩存在, 为来自总体 的简单随机样本, 为样本均值, 为样本方差, 则 的矩估计为（ ）.",https://image.zhihuishu.com/zhs/question-import/formula/202303/523758cfcb7a4d17b63bb20d033f5756.png,2026-09-19 10:21:15,错题采集
755,929371278,"设总体 的期望为 , 方差为 , 是来自 的简单随机样本, 则三个关于 的无偏估计量 , , 中最有效的是 .（ ）",https://image.zhihuishu.com/zhs/question-import/formula/202303/6ce6b28a581c416b98b1fcdcd26b75de.png,2026-09-19 10:21:15,错题采集
756,932473093,"设一批零件的长度服从正态分布 , 其中 均末知, 现从中随机抽 取 16 个零件, 测得样本均值 , 样本标准差 , 则 的置信度为 的置信区间为 .",https://hike-export.oss-cn-hangzhou.aliyuncs.com/paper/dev/20260509/d9f64fc8-4743-448d-922e-5ce9e7c1095c.png,2026-09-19 10:22:11,错题采集
757,932473154,设总体 其中 已知。若已知样本容量与置信度 均不变，则对于不同的样本观察值，总体均值 的置信区间的长度（）,不变,2026-09-19 10:22:38,错题采集
758,931999480,设一批零件的长度服从正态分布 ，其中 ， 均未知。现从中随机抽取16个零件，测得样本均值 ，样本标准差 ，则的置信度为0.90的置信区间是（ ）。,https://image.zhihuishu.com/zhs/doctrans/docx2html/202012/b9455f515cf840eb84060088e57cf04d.png,2026-09-19 10:22:55,错题采集
759,929371277,"设一批零件的长度 服从正态分布 , 从中随机抽取 个零件测得长度的平均值 , 已知参数 的置信度为0.95的双侧置信区间的置信上限为10, 则 的置信度为0.95的双侧置信区间的置信下限为 .（ ）",https://image.zhihuishu.com/zhs/question-import/formula/202303/d89fb626c5784120a62442c9eb90e23d.png,2026-09-19 10:22:55,错题采集
760,929371022,"设 是总体分布中的未知参数, 为 的置信度为 的置信区间, 则（ ）.",落在区间 的概率为|https://image.zhihuishu.com/zhs/question-import/formula/202303/7920b6bb14cd4cec9475a1f7373f5e16.png,2026-09-19 10:23:13,错题采集
761,929371024,设总体 服从正态分布 ，从中随机地抽取25个样本，则 的置信度为0.95的置信区间的长度 。（ ） (已知 ，其中 为标准正态分布的分布函数),https://image.zhihuishu.com/zhs/question-import/formula/202303/49a55cfe7a3147f7b2d2276569a115fd.png,2026-09-19 10:23:13,错题采集
762,929371272,已知一批零件的长度 服从正态分布 ，若要总体均值 的置信度为 的置信区间的长度不超过 ，则样本容量至少为 . （ ）,https://image.zhihuishu.com/zhs/question-import/formula/202303/5df9577f62784623ae9b72d5c686be1a.png,2026-09-19 10:23:13,错题采集
763,929371306,设总体 服从正态分布 ，其中 未知，则均值 的置信度为 的置信区间为（ ）.,https://image.zhihuishu.com/zhs/question-import/formula/202303/1bb979df8343412b8963796b1079226e.png,2026-09-19 10:23:13,错题采集
764,929371025,若总体 ，其中 已知，当样本容量 保持不变时，如果置信度 变小，则 的置信区间（ ）,长度变小,2026-09-19 10:23:13,错题采集
765,929371305,设总体 服从正态分布 ，其中 均未知. 若样本容量 和样本值不变，则总体均值 的置信区间长度 与置信度 的关系是（ ）.,当 减小时， 缩短|https://image.zhihuishu.com/zhs/question-import/formula/202303/690a344c44e44f7a8cf957e092a82551.png,2026-09-19 10:23:13,错题采集
766,929371274,"设 是来自正态总体 的简单随机样本, 未知, 为样本方差, 则 的置信度为 的置信区间为 .（ ）",https://image.zhihuishu.com/zhs/question-import/formula/202303/3fd30ae743b24c96bb45ecc9c3824b7d.png,2026-09-19 10:24:14,错题采集
767,929369998,"设 为来自正态总体 的简单随机样本, 其中 未知, 若对 进行区间估计, 则应选择的统计量及其服从的分布为 .（ ）",错,2026-09-19 10:24:14,错题采集
768,929371304,设 是来自正态总体 的简单随机样本，其中 已知， 为未知参数，记 ，则 的置信度为0.95的置信区间是 . （ ）（其中 为标准正态分布的分布函数， ）,https://image.zhihuishu.com/zhs/question-import/formula/202303/ae626ccb8bff4a7b814d31cc62be1e02.png,2026-09-19 10:24:14,错题采集
769,929372755,"设总体 服从正态分布 , 其中 已知, 对 进行双边假设检验, 为显著性水平, 若 均保持不变, 则增大样本容量 会使 .（ ）","犯第一类（弃真）错误的概率不变, 犯第二类（取伪）错误的概率变小",2026-09-19 10:24:14,错题采集
770,929371019,"设 是来自正态总体 的简单随机样本, 其中 未知, 为未知参数, 记 为样本均值, 为样本方差, 则 的置信度为 的置信区间为（ ）.",https://image.zhihuishu.com/zhs/question-import/formula/202303/4c595b34e6e04fca820b3104927bd63c.png,2026-09-19 10:24:32,错题采集
771,929371275,"设 为来自正态总体 的简单随机样本, 其中 已知, 为未知参数, 为样本均值, 为样本方差, 求 的置信度为 的置信区间, 应选用的统计量及其服从的分布为 .（ ）",https://image.zhihuishu.com/zhs/question-import/formula/202303/3abd8e90767345b7b2070e998febfa26.png,2026-09-19 10:24:32,错题采集
772,929371018,"设总体 服从正态分布 , 其中 已知, 未知. 为来自 的简单随机样本, 记 为样本均值, 若 的置信区间为 , 则其置信水平为（ ）.",0.95,2026-09-19 10:24:32,错题采集
773,929370004,设总体 服从正态分布 ，其中 均未知. 若样本容量 和置信度 都不变，则对于不同的样本观测值，总体均值 的置信区间的长度也不变. （ ）,错,2026-09-19 10:24:32,错题采集
774,929371279,"设 是来自正态总体 的简单随机样本, 为未知参数, 为样本均值, 则 的置信度为 的置信区间为 . （ ）",https://image.zhihuishu.com/zhs/question-import/formula/202303/77b248e4a9c5489096af32347e5ec3e1.png,2026-09-19 10:24:32,错题采集
775,929371302,"设一批罐头的重量 (单位: 克) 服从正态分布 , 从中随机抽取25瓶罐头, 得到重量的平均值为500克, 则 的置信度为0.90的置信区间为 . （ ）(已知 , , 其中 为标准正态分布的分布函数)",https://image.zhihuishu.com/zhs/question-import/formula/202303/b69ff21fc0dc4bc0807d0140046c3a12.png,2026-09-19 10:24:32,错题采集
776,929372760,"在假设检验的问题中, 显著性水平 指的是在原假设 不真时, 接受 的概率, 即犯第一类错误的概率. （ ）",错,2026-09-19 10:25:07,错题采集
777,929372752,"在对总体的某参数进行假设检验时, 若给定显著性水平 , 则 是（ ）.",犯第一类错误的概率,2026-09-19 10:25:07,错题采集
778,929372754,"假设检验时, 若增大样本容量, 则犯两类错误的概率（ ）.",都减小,2026-09-19 10:25:07,错题采集
779,929372056,假设检验的基本思想是（ ）。 Ⅰ.先对总体的参数或分布函数的表达式做出某种假设，然后找出一个在假设成立条件下出现可能性甚小的（条件）小概率事件 Ⅱ.如果试验或抽样的结果使该小概率事件出现了，这与小概率原理相违背，表明原来的假设有问题，应予以否定，即拒绝这个假设 Ⅲ.若该小概率事件在一次试验或抽样中并未出现，就没有理由否定这个假设，表明试验或抽样结果支持这个假设，这时称假设也实验结果是相容的，或者说可以接受原来的假设 Ⅳ.如果试验或抽样的结果使该小概率事件出现了，则不能否认这个假设。,Ⅰ.Ⅱ.Ⅲ,2026-09-19 10:25:36,错题采集
780,929372063,"对正态总体的数学期望 进行假设检验, 如果在显著性水平 下接受 , 那么在 减小时, 不能确定接受还是拒绝 . （ ）",错,2026-09-19 10:25:36,错题采集
781,929372053,对总体 的概率密度函数进行假设检验，原假设 对 进行一次观测得样本 ，规定当 时，拒绝 ，则此检验的显著性水平 （ ）.,https://hike-export.oss-cn-hangzhou.aliyuncs.com/paper/dev/20260523/9fdb0d09-879e-4084-bee4-f59acf8111fb.png,2026-09-19 10:25:36,错题采集
782,929372758,"如果原假设是错误的, 做出的决策是接受备择假设, 则犯了取伪错误. （ ）",错,2026-09-19 10:25:36,错题采集
783,929372058,"对总体参数提出某种假设,然后利用样本信息判断假设是否成立的过程称为（ ）",假设检验,2026-09-19 10:26:23,错题采集
784,929372052,"关于检验水平 的设定,下列叙述错误的是（ ）","为了得到所希望的结论,可随时对 的值进行修正.|https://image.zhihuishu.com/zhs/question-import/formula/202303/bdf870b6e2594be6a1ffa9f1a65b8fa2.png",2026-09-19 10:26:23,错题采集
785,929372748,"关于假设检验可能犯的两类错误, 下列说法正确的是（ ）.","既可能犯第一类错误, 也可能犯第二类错误",2026-09-19 10:26:23,错题采集
786,929372746,对显著性水平 的检验结果而言，犯第一类错误的概率（ ）。,小于或等于|https://image.zhihuishu.com/zhs/question-import/formula/202303/84d8397faca24f8997e92b4ef415a3c1.png,2026-09-19 10:26:23,错题采集
787,929372753,"对正态总体的数学期望 进行假设检验, 如果在显著性水平 下接受 , 那么在 减小时, 仍会接受 . （ ）",对,2026-09-19 10:26:53,错题采集
788,929372756,"如果原假设是正确的, 但做出的决策是接受备择假设, 则犯了弃真错误.（ ）",对,2026-09-19 10:26:53,错题采集
789,929372757,"在假设检验中, 记原假设 ; 备择假设 , 则犯第二类错误指的是当 为真时, 拒绝 . （ ）",错,2026-09-19 10:26:53,错题采集
790,929372054,从统计量出发，对总体某些特性的“假设”作出拒绝或接受的判断的过程称为（ ）,假设检验,2026-09-19 10:26:53,错题采集
791,929372050,在一个确定的假设检验中，与判断结果相关的因素有（ ） 。,"A,B,C.同时成立",2026-09-19 10:26:53,错题采集
792,929372751,下列说法正确的是（ ）。,如果零假设是正确的，但做出的决策是接受备择假设，则犯了弃真错误,2026-09-19 10:27:50,错题采集
793,929372057,一项假设检验中，原假设和备择假设必有一个成立，而且只有一个成立。（ ）,对,2026-09-19 10:27:50,错题采集
794,929372750,"假设检验时, 若减少样本容量, 则犯两类错误的概率一般是（ ）.",都增大,2026-09-19 10:27:50,错题采集
795,929372759,"在假设检验的问题中, 显著性水平 指的是在原假设 为真时, 接受 的概率. （ ）",错,2026-09-19 10:27:50,错题采集
796,932473118,"在假设检验中, 记为原假设， 记为备择假设，下列说法错误的是( )","设 拒绝 真 , 接受 不真 则 变大时 变小。|https://hike-export.oss-cn-hangzhou.aliyuncs.com/paper/dev/20260511/a81b9f97-eee5-4633-bdbd-73fa865edc73.png",2026-09-19 10:27:50,错题采集
797,929372066,假设检验的基本步骤是（ ）,建立检验假设；选定检验方法；计算检验统计量；做出推断结论,2026-09-19 10:28:09,错题采集
798,929372055,假设检验的概率依据是（ ）。,小概率原理,2026-09-19 10:28:09,错题采集
799,929372059,在假设检验中，不拒绝原假设意味着（ ）。,没有证据证明原假设是错误的,2026-09-19 10:28:09,错题采集
800,929372060,若一项假设规定显著性水平为α=0.05，下面的表述哪一个是正确的（ ）,接受H 1 时的可靠性为95%,2026-09-19 10:28:09,错题采集
801,929373615,"对正态总体的数学期望 进行假设检验, 如果在显著性水平0.05下接受 , 那么在显著性水平0.01下, 下列结论正确的是（ ）.",必接受|https://image.zhihuishu.com/zhs/question-import/formula/202303/ba3a6bd9586c4fbd9b9ec9514f281f39.png,2026-09-19 10:28:09,错题采集
802,929372749,"关于假设检验可能犯的两类错误的概率, 下列说法正确的是（ ）.",犯两类错误的概率，一般是此消彼长的,2026-09-19 10:28:09,错题采集
803,929373599,"设 为来自正态总体 的简单随机样本, 若进行假设检验, 当（ ）时, 一般采用统计量 .","未知, 检验|https://image.zhihuishu.com/zhs/question-import/formula/202303/d70d7d033d74497fbc41b360253993f1.png",2026-09-19 10:29:09,错题采集
804,929373598,"设 为来自正态总体 的简单随机样本, 若进行假设检验, 当（ ）时, 一般采用统计量 .","已知, 检验|https://image.zhihuishu.com/zhs/question-import/formula/202303/675ca4ce9d1a4855b6e9abb9417b895e.png",2026-09-19 10:29:09,错题采集
805,929373600,设总体 ， 未知，通过样本 假设检验 ，需要用统计量（ ）。,https://image.zhihuishu.com/zhs/question-import/formula/202303/2c18a44712224677b189ba795aa01f2a.png,2026-09-19 10:29:09,错题采集
806,929373612,"设 是来自正态总体 的简单随机样本, 若样本均值 , 在显著性水平 下检验假设 ; , 则下列选项中正确的是 .（ ）","当 时, 接受 ; 当 时, 拒绝|https://image.zhihuishu.com/zhs/question-import/formula/202303/c5f2f7900cb7460e8d13f955ac08cad8.png",2026-09-19 10:29:09,错题采集
807,929373609,"设 为来自正态总体 的简单随机样本, 样本容量 , 样本均值为 , 则在显著性水平 下检验假设 的双边拒绝域为（ ）. (已知 , , 其中 为标准正态分布的分布函数)",https://image.zhihuishu.com/zhs/question-import/formula/202303/3160aed042334661931aaa7e468a1500.png,2026-09-19 10:29:09,错题采集
808,929372761,为了检验两个总体的方差是否相等，所使用的变量抽样分布是（ ）。,F分布,2026-09-19 10:29:09,错题采集
809,929372767,甲乙相邻地段各取了50块和25块岩心进行磁化率测定，算出两样本标准差分别是 ， ，甲乙两段的标准差有显著性差异（ ） （ ）,对,2026-09-19 10:29:44,错题采集
810,929373608,"设 为来自正态总体 的简单随机样本, 已知, 为样本均值, 为样本方差, 则在显著性水平 下检验假设 ; 的双边拒绝域为（ ）.",https://image.zhihuishu.com/zhs/question-import/formula/202303/cf144200dd294ede80a493597b1071ac.png,2026-09-19 10:29:44,错题采集
811,929373602,"设 为来自正态总体 的简单随机样本, 未知, 为样本均值, 为样本方差, 则进行假设检验 , 一般采用的统计量及其服从的分布为（ ）.",https://image.zhihuishu.com/zhs/question-import/formula/202303/75dcda267ab14060a21fd9e19bf50a73.png,2026-09-19 10:29:44,错题采集
812,929372064,"设一批零件的直径服从正态分布, 从中随机地抽出36个零件测量其直径的平均值为5.2cm, 标准差为0.6cm, 若想知道这批零件的直径是否符合标准直径5cm, 在显著性水平0.05下进行假设检验, 经过检验可以认为这批零件的直径符合标准直径. （已知 ）（ ）",对,2026-09-19 10:29:44,错题采集
813,929372763,设 ， ， 未知，且 与 相互独立，在这两个总体中，分别抽取容量为n的样本，其样本均值和修正的样本方差分别为 和 ，为了检验 ，应选用的统计量为（ ）。,https://image.zhihuishu.com/zhs/question-import/formula/202303/43087334fa374a5db7dd0670cea7c241.png,2026-09-19 10:29:44,错题采集
814,929372065,"设 为来自正态总体 的简单随机样本, 未知, 为样本均值, 为样本方差, 则在显著性水平 下检验假设 ; , 一般采用的统计量及其服从的分布为 . （ ）",错,2026-09-19 10:30:29,错题采集
815,929372764,设总体 ， 为来自 的简单随机样本， ， 为来自 的简单随机样本， 为已知常数， 为未知参数，并且 与 相互独立，则假设检验 ， ，的拒绝域为（ ）。,https://image.zhihuishu.com/zhs/question-import/formula/202303/04ac7a1ac50e496c9bf7b879d21457c7.png,2026-09-19 10:30:29,错题采集
816,929372772,"对正态总体的数学期望 进行区间估计, 得 的置信度为 的置信区间为 , 若在显著性水平 下对 进行假设检验 , 则下列结论中正确的是（ ）.",必拒绝|https://image.zhihuishu.com/zhs/question-import/formula/202303/4c12fd8454e54420b67b93a1eb1453fb.png,2026-09-19 10:30:29,错题采集
817,929372070,"设 为来自正态总体 的简单随机样本, 未知, 为样本均值, 为样本方差, 则在显著性水平 下检验假设 ; 的双边拒绝域为 . （ ）",错,2026-09-19 10:30:29,错题采集
818,929372765,"通常认为男女的脉搏率是没有显著差异的. 现在随机地抽取年龄都是25岁的16位男子和13位女子, 测得他们的脉搏率如下: 男: 61, 73, 58, 64, 70, 64, 72, 60, 65, 80, 55,72, 56, 56, 74, 65, 女: 83, 58, 70, 56, 76, 64, 80, 68, 78, 108,76, 70, 97. 假设男女脉搏率都是服从正态分布, 这些数据可以认为男女脉搏率的均值相同（ ）",错,2026-09-19 10:30:29,错题采集
819,929373605,设总体 ， 未知， 为样本， 为样本方差，显著性水平为 的检验问题： ， （ 已知）的双边拒绝域为（ ）,https://image.zhihuishu.com/zhs/question-import/formula/202303/d5cd2be8d2eb4fc8a0e8a6c93fa90dbd.png,2026-09-19 10:31:23,错题采集
820,929372774,区间估计和假设检验都是以抽样分布为理论依据，建立在概率论基础之上的推断，都具有一定的可信程度和风险。（ ）,对,2026-09-19 10:31:41,错题采集
821,929372775,区间估计和假设检验二者可以相互转换，区间估计问题可以转换成假设问题，假设问题也可以转换成区间估计问题。（ ）,对,2026-09-19 10:31:41,错题采集
822,929373603,设正态总体 的双边检验 ， ， 已知，显著性水平 为 ，则 的拒绝域为 。（ ）,https://image.zhihuishu.com/zhs/question-import/formula/202303/6f6040567ec34888812b96bae22fc6d6.png,2026-09-19 10:31:41,错题采集
823,929372777,区间估计立足于大概率，假设检验立足于小概率。（ ）,对,2026-09-19 10:31:41,错题采集
824,929372773,区间估计和假设检验都是根据样本信息推断总体参数。（ ）,对,2026-09-19 10:31:41,错题采集
825,929372776,参数估计是以样本资料估计总体参数的真值，假设检验是以样本资料检验对总体参数先前假设是否成立。（ ）,对,2026-09-19 10:31:41,错题采集
826,936206378,在假设检验中，p值的计算是基于：,原假设为真时的观测数据分布,2026-09-19 10:32:16,错题采集
827,929373613,"对正态总体的数学期望 进行假设检验, 如果在显著性水平0.05下接受 , 那么在显著性水平0.01下, 下列结论正确的是（ ）.",必接受|https://image.zhihuishu.com/zhs/question-import/formula/202303/1c315ba7270d45f8810524557c1618bf.png,2026-09-19 10:32:59,错题采集
828,936206303,使用 p 值法做检验时，若 p 值大于显著性水平 ，则应该拒绝原假设。,错,2026-09-19 10:32:59,错题采集
829,936217339,设 为正态总体 的一个样本， 表示样本均值， 为样本方差，要检验假设 ，若得到检验统计量 的观察值为 ，则该检验的p值计算公式为（ ）.下面选项中的随机变量 。,.|https://hike-export.oss-cn-hangzhou.aliyuncs.com/paper/dev/20260523/835b89b2-4003-4ad1-8908-bdad24c0357d.png,2026-09-19 10:32:59,错题采集
830,936217340,要检验两个正态总体方差是否相同，假设来自两正态总体的样本容量分别为 其样本方差观察值分别为 那么检验 的p值可由（ ）计算.,；|https://hike-export.oss-cn-hangzhou.aliyuncs.com/paper/dev/20260509/91a66a70-e4cf-4cdb-9e0d-41628ccf1cb0.png,2026-09-19 10:32:59,错题采集
831,936206301,使用 p 值法做检验时，若 p 值小于显著性水平 ，则应该拒绝原假设。,对,2026-09-19 10:33:18,错题采集
832,936206382,在进行假设检验时，如果p值小于显著性水平α，我们会：,拒绝原假设,2026-09-19 10:33:18,错题采集
833,936206401,在p值检验中，p值越小，拒绝原假设的证据越强。,对,2026-09-19 10:33:18,错题采集
834,936217338,设 为正态总体 的一个样本， 表示样本均值， 为样本方差，要检验假设 ，若得到检验统计量 的观察值为 ，则该检验的p值计算公式为（ ）.下面选项中的随机变量 。,；|https://hike-export.oss-cn-hangzhou.aliyuncs.com/paper/dev/20260608/8ee926c1-de76-4890-b293-bba8ef422fa9.png,2026-09-19 10:33:18,错题采集
835,936206393,在假设检验中，p值的计算不依赖于：,显著性水平α,2026-09-19 10:33:18,错题采集
836,936217337,设 为正态总体 的一个样本， 表示样本均值， 为样本方差，要检验假设 ，若得到检验统计量 的观察值为 ，则该检验的p值计算公式为（ ）.下面选项中的随机变量 。,；|https://hike-export.oss-cn-hangzhou.aliyuncs.com/paper/dev/20260313/756321e4-f135-46ea-b10a-29ae62e86e74.png,2026-09-19 10:33:18,错题采集
837,932473340,设连续型随机变量 的分布密度为 ，则,https://hike-export.oss-cn-hangzhou.aliyuncs.com/paper/dev/20260321/153dfdbd-614a-480b-a56f-acd4fc76ebec.png,2026-09-19 10:34:10,错题采集
838,932473349,设随机变量 是任意两个独立的连续型随机变量，它们的概率密度分别为 和 ，分布函数分别为 和 ，则,必为某一随机变量的分布函数|https://hike-export.oss-cn-hangzhou.aliyuncs.com/paper/dev/20260321/1f10a4b0-2eeb-475a-8930-471bec829c61.png,2026-09-19 10:34:10,错题采集
839,931999507,( ),保持不变,2026-09-19 10:34:51,错题采集
840,932473344,下列陈述正确的命题是,https://hike-export.oss-cn-hangzhou.aliyuncs.com/paper/dev/20260311/dc2e3f76-5181-4a4f-9fa7-adf8633e5077.png,2026-09-19 10:34:51,错题采集
841,932473397,设 且 的值为,https://hike-export.oss-cn-hangzhou.aliyuncs.com/paper/dev/20260626/585f9ac4-5e82-48ce-9bd0-559b7b12bd6e.png,2026-09-19 10:34:51,错题采集
842,932473175,若随机变量 在 上服从均匀分布，则方程 有实根的概率为 （请用分数形式作答，例1/2）,3/5,2026-09-19 10:35:42,错题采集
843,931999498,( ),https://image.zhihuishu.com/zhs/doctrans/docx2html/202012/019d9b99a14642ca8d4f03f2efba3c1e.png,2026-09-19 10:36:10,错题采集
844,932473398,下列函数中，为某随机变量 的密度函数的是,https://hike-export.oss-cn-hangzhou.aliyuncs.com/paper/dev/20260626/6f59ed01-d370-4c52-99fd-fe0fb99caee5.png,2026-09-19 10:36:10,错题采集
845,932473183,已知随机变量 ，且 ，则,9,2026-09-19 10:36:45,错题采集
846,932473432,下列陈述的命题( )是正确的,https://hike-export.oss-cn-hangzhou.aliyuncs.com/paper/dev/20260401/98784cdf-8054-4ecd-8d77-ccfdce35a0d0.png,2026-09-19 10:36:45,错题采集
847,932473412,连续型随机变量 的分布函数为: ，则,https://hike-export.oss-cn-hangzhou.aliyuncs.com/paper/dev/20260326/898a64ed-2cd8-4f15-bbe1-a605c444edbf.png,2026-09-19 10:37:50,错题采集
848,932473430,设 且 则,https://hike-export.oss-cn-hangzhou.aliyuncs.com/paper/dev/20260523/6e9954a2-1e2b-4336-81bf-dc2b2bd6ab94.png,2026-09-19 10:37:50,错题采集
849,929346015,"设连续型随机变量 的概率密度为 , 则 的分布函数 .（ ）",https://hike-export.oss-cn-hangzhou.aliyuncs.com/paper/dev/20260111/5e3e6e89-17c9-42a8-8dd3-c21dbd603c27.png,2026-09-19 10:37:50,错题采集
850,932473336,设随机变量 的概率密度为 则,https://hike-export.oss-cn-hangzhou.aliyuncs.com/paper/dev/20260323/17ea0560-47d8-4e62-9a0f-88941b476e37.png,2026-09-19 10:38:20,错题采集
851,932473257,随机变量 ，记 ，则,https://hike-export.oss-cn-hangzhou.aliyuncs.com/paper/dev/20260529/7a721604-3484-45b8-aeed-b243d86de246.png,2026-09-19 10:38:20,错题采集
852,936206268,二维随机变量的每个分量都是一维随机变量。,对,2026-09-19 10:59:17,错题采集
853,936206271,二维随机变量的可能取值可以是有限个数对。,对,2026-09-19 10:59:17,错题采集
854,936206275,二维随机变量的可能取值一定是可数无穷个数对。,错,2026-09-19 10:59:17,错题采集
855,929346746,设二维随机变量 的分布律为 且 ，则下列选项正确的是（）.,https://hike-export.oss-cn-hangzhou.aliyuncs.com/paper/dev/20260111/863feb1c-49dc-4e09-ab0f-50caf0202f25.png,2026-09-19 10:59:57,错题采集
856,929346325,设随机变量 的概率密度为 则 =（）,https://hike-export.oss-cn-hangzhou.aliyuncs.com/paper/dev/20260118/e91ab0e1-ffde-4769-ba07-ef2cdd661350.png,2026-09-19 11:00:34,错题采集
857,932473136,"若二维随机变量 在以原点为圆心的单位圆内的概率密度为 , 其它区域都是 , 那么",https://hike-export.oss-cn-hangzhou.aliyuncs.com/paper/dev/20260523/17005f6b-3e07-4ca1-88d4-e73b9fd42d2a.png,2026-09-19 11:00:34,错题采集
858,932473240,设随机变量 的分布函数为 ，则,https://hike-export.oss-cn-hangzhou.aliyuncs.com/paper/dev/20260526/8fc81fe6-d37a-4c91-ada4-c255bef6e07d.png,2026-09-19 11:00:34,错题采集
859,932473281,设二维随机变量 的联合密度函数为 ，若 是 的联合分布函数，则,https://hike-export.oss-cn-hangzhou.aliyuncs.com/paper/dev/20260311/16bf4df2-1709-44ea-939a-a2d97aaf4bc9.png,2026-09-19 11:00:34,错题采集
860,932473214,设 的联合密度为： 则常数,12,2026-09-19 11:00:34,错题采集
861,929346276,"若随机变量 的分布律为 其中 , 则 和 应满足的条件是 .（ ）",对,2026-09-19 11:01:07,错题采集
862,931999522,将一枚均匀的硬币连抛三次，以 表示三次试验中出现正面的次数， 表示出现正面的次数与出现反面的次数的差的绝对值，则 （ ）,https://image.zhihuishu.com/zhs/doctrans/docx2html/202012/a765d66180834c2290aef95073f66371.png,2026-09-19 11:01:07,错题采集
863,932473216,设随机变量 的联合密度为: 则常数,3,2026-09-19 11:01:07,错题采集
864,932473337,设随机变量 和 同分布， 的概率密度为 已知事件 和 独立，且 ，则,https://hike-export.oss-cn-hangzhou.aliyuncs.com/paper/dev/20260524/7d6a66de-362e-4209-9151-0f76d062dab1.png,2026-09-19 11:08:37,错题采集
865,931999521,（ ）,https://image.zhihuishu.com/zhs/doctrans/docx2html/202012/51dfb41d61ab4bc2aa1bc0aa024e7c81.png,2026-09-19 11:11:10,错题采集
866,932473303,相互独立且在 上服从均匀分布，则使方程 有实根的概率为,https://hike-export.oss-cn-hangzhou.aliyuncs.com/paper/dev/20260311/faf6b3cc-f179-4ef1-937d-4162fc6e94a8.png,2026-09-19 11:11:55,错题采集
867,932473260,设随机变量 相互独立，且均服从 上的均匀分布，则服从均匀分布的是,https://hike-export.oss-cn-hangzhou.aliyuncs.com/paper/dev/20260523/4e646a56-cc29-4983-988c-42027a1eb080.png,2026-09-19 11:13:15,错题采集
868,932473306,设 的联合概率密度为： 则 与 为,不独立同分布,2026-09-19 11:14:10,错题采集
869,932473127,设随机变量和都服从正态分布，且它们不相关，则,与 未必独立|https://hike-export.oss-cn-hangzhou.aliyuncs.com/paper/dev/20260311/a75f4f1e-fc6b-44ec-b154-cc5459b91df2.png,2026-09-19 11:15:31,错题采集
870,932473186,设随机变量 服从参数为 的指数分布，则,7,2026-09-19 11:16:28,错题采集
871,929368997,随机变量 ， ，则 . （ ）,错,2026-09-19 11:16:28,错题采集
872,932473250,设随机变量 服从参数为 的泊松分布，则,https://hike-export.oss-cn-hangzhou.aliyuncs.com/paper/dev/20260311/ebba12e2-423a-4a17-bb06-944ff69b6f85.png,2026-09-19 11:16:28,错题采集
873,932473190,已知 的联合概率密度 则,2/3,2026-09-19 11:16:28,错题采集
874,929369015,随机变量 服从参数为2的指数分布，其概率密度函数 则 . （ ）,.|https://image.zhihuishu.com/zhs/question-import/formula/202303/cf10e4334c904c76a4d79e66a759fa6e.png,2026-09-19 11:16:28,错题采集
875,932473199,设随机变量 服从参数为 的泊松分布，且 则,4,2026-09-19 11:17:11,错题采集
876,929369009,随机变量 服从参数为2的指数分布，其概率密度函数 则 . （ ）,.|https://image.zhihuishu.com/zhs/question-import/formula/202303/7dc99a5e75c440e389e53e920e3ed078.png,2026-09-19 11:17:11,错题采集
877,929368963,"对球的半径做近似测量, 设测量值均匀分布在区间 上, 则球的体积的数学期望为 . （ ）",对,2026-09-19 11:17:11,错题采集
878,932473236,现有 张奖券，其中 张为 元， 张为 元，今某人从中随机地无放回地抽取 张，则此人得奖金的数学期望为,https://hike-export.oss-cn-hangzhou.aliyuncs.com/paper/dev/20260415/80d3d16e-fc2c-44da-bce1-ea7ecde6eb75.png,2026-09-19 11:17:11,错题采集
879,932473218,掷两枚骰子点数之和 的期望,7,2026-09-19 11:17:11,错题采集
880,932473298,设 是两个相互独立的随机变量且都服从于 ，则 的数学期望,https://hike-export.oss-cn-hangzhou.aliyuncs.com/paper/dev/20260623/c8232a38-dc71-4b98-b6c0-090bc840ed09.png,2026-09-19 11:17:11,错题采集
881,929369007,设随机变量 的分布函数为 ，则 . （ ）,.|https://image.zhihuishu.com/zhs/question-import/formula/202303/7781dc01b41e4dcbb93db684130dd7e2.png,2026-09-19 11:17:45,错题采集
882,932473273,设随机变量 的分布函数为 则,https://hike-export.oss-cn-hangzhou.aliyuncs.com/paper/dev/20260524/68497a86-67ba-4ae8-b21f-a2473f2b4820.png,2026-09-19 11:17:45,错题采集
883,932473271,设袋子中装有 个球，其中有 个球标有号码 ， 个球标有号码 ，令某人从袋中随机放回地任取 个球，则 个球号码之和的数学期望为,https://hike-export.oss-cn-hangzhou.aliyuncs.com/paper/dev/20260311/1d7131db-2e85-4695-ba16-be7825e7e646.png,2026-09-19 11:17:45,错题采集
884,932473133,"设 是一随机变量 , 为任意实数 , 是 的数学期望 , 则 ( )",https://hike-export.oss-cn-hangzhou.aliyuncs.com/paper/dev/20260415/61d32e0d-989f-4bdb-aca3-c026265bb6ba.png,2026-09-19 11:17:45,错题采集
885,932473296,人的体重为随机变量 个人的平均体重记为 则 ( ) 正确,https://hike-export.oss-cn-hangzhou.aliyuncs.com/paper/dev/20260524/470bb66a-b1d8-4e70-844b-3e1a1a033b5b.png,2026-09-19 11:17:45,错题采集
886,932473211,设 的密度函数为 对 独立地重复观察 次，用 表示观察值大于 的次数，则,5,2026-09-19 11:17:45,错题采集
887,932473318,设随机变量 ，则,https://hike-export.oss-cn-hangzhou.aliyuncs.com/paper/dev/20260509/4dd9f833-f7f1-4c93-8539-7b8afbd23dd7.png,2026-09-19 11:18:54,错题采集
888,932473160,设随机变量 数学期望 则根据切比雪夫不等式估计,0.75,2026-09-19 11:18:54,错题采集
889,932473170,把红、黄、白 个小球随机地放入两个杯子中，若设 为有小球的杯子数，则 （请用分数形式作答，例1/2）,3/16,2026-09-19 11:18:54,错题采集
890,929480263,"设随机变量 的数学期望 , 方差 , 则由契比雪夫不等式有 （ ）.",https://hike-export.oss-cn-hangzhou.aliyuncs.com/paper/dev/20260524/242cd4b2-84dc-439b-80f1-104ad51ce1e2.png,2026-09-19 11:18:54,错题采集
891,932473213,已知随机变量 的分布函数为： 则,31/4,2026-09-19 11:21:21,错题采集
892,932473143,"设随机变量 , 则 服从 ( )",https://hike-export.oss-cn-hangzhou.aliyuncs.com/paper/dev/20260615/b30de140-ee78-49f5-83b0-798910295fba.png,2026-09-19 11:21:21,错题采集
893,929480260,"设随机变量 的数学期望为 , 方差为 , 若 ，则以下不等式正确的是（ ）",https://hike-export.oss-cn-hangzhou.aliyuncs.com/paper/dev/20260307/1636b827-d4f5-457b-bba8-fa2b209a4949.png,2026-09-19 11:21:21,错题采集
894,929423628,设 为来自总体 的简单随机样本，且 ， ，则下列选项正确的是,https://hike-export.oss-cn-hangzhou.aliyuncs.com/paper/dev/20260309/97b6008c-7944-428e-a5d7-c63bf78e51e7.png,2026-09-19 11:27:25,错题采集
895,929423646,"设 为来自正态总体 的简单随机样本, 则 服从的分布为（ ）.",https://hike-export.oss-cn-hangzhou.aliyuncs.com/paper/dev/20260309/ad708766-70ad-40b6-876e-bedc85621f2a.png,2026-09-19 11:27:25,错题采集
896,929423654,"设总体 的期望为 , 方差为 , 为来自 的简单随机样本, 为样本均值, 为样本方差, 则 （）.",https://hike-export.oss-cn-hangzhou.aliyuncs.com/paper/dev/20260118/ca2df6f3-1798-4047-bbdd-d67b418c0d55.png,2026-09-19 11:27:25,错题采集
897,929425144,"设总体 服从参数为2的泊松分布, 为来自 的简单随机样本,则样本均值 . （ ）",错,2026-09-19 11:27:45,错题采集
898,929423684,设 是来自正态总体 的容量为 的简单随机样本， 为样本方差，则 。（ ）,https://image.zhihuishu.com/zhs/question-import/formula/202303/7623bc94c9bf4fa9bd87d236a26ecbcc.png,2026-09-19 11:27:45,错题采集
899,929423642,"设 是来自泊松分布总体 的简单随机样本, 为样本均值, 则 （ ）.",https://hike-export.oss-cn-hangzhou.aliyuncs.com/paper/dev/20260111/c530363c-95bf-4225-8881-09a64e79c0c3.png,2026-09-19 11:28:04,错题采集
900,929425129,统计量是由样本构成的函数，且其中不含未知参数，由于样本是随机变量，那么样本的函数也是随机变量，因此统计量是一个随机变量. （ ）,对,2026-09-19 11:28:04,错题采集
901,929423674,"设总体 服从参数为2的泊松分布, 是来自 的简单随机样本, 为样本方差, 则 .（ ）",2,2026-09-19 11:28:04,错题采集
902,929423660,"设 为来自总体 的简单随机样本, 为样本均值, 为样本方差, 则下列选项错误的是（ ）.",https://hike-export.oss-cn-hangzhou.aliyuncs.com/paper/dev/20260524/a160b238-f9ef-47c4-a7e6-a1d35a46edf8.png,2026-09-19 11:28:04,错题采集
903,929423681,"设总体 服从参数为 的泊松分布, 为来自 的简单随机样本, 为样本均值, 为样本方差, 则 .（ ）",https://image.zhihuishu.com/zhs/question-import/formula/202303/b063b70c5a8f456cbf7515b18bacde9b.png,2026-09-19 11:28:04,错题采集
904,929423623,"设 为来自正态总体 的简单随机样本, 则 服从的分布为（ ）.",https://hike-export.oss-cn-hangzhou.aliyuncs.com/paper/dev/20260522/949103af-257e-4a9e-b4c5-d7bee25c646e.png,2026-09-19 11:28:04,错题采集
905,932473112,设 是来自总体 的简单随机样本 统计量 服从 分布 则 等于,2,2026-09-19 11:29:19,错题采集
906,929423669,"设 为来自正态总体 的简单随机样本, 则以下选项正确的是（ ）.",https://image.zhihuishu.com/zhs/question-import/formula/202303/20dee3ecc6ea4293a0d644a3db3589c1.png,2026-09-19 11:33:57,错题采集
907,929425142,"设总体 , , 与 相互独立, 与 分别是来自 与 的简单随机样本, 分别是两个样本的样本均值, , 则统计量 服从 分布. （ ）",错,2026-09-19 11:33:57,错题采集
908,929423637,设 为来自正态总体 的容量为 的简单随机样本，则统计量 服从的分布为 ().,https://hike-export.oss-cn-hangzhou.aliyuncs.com/paper/dev/20260115/4ecdcc01-6ba4-4f00-a272-ba5d7e000c1c.png,2026-09-19 11:33:57,错题采集
909,931999445,设 是来自正态总体 的样本， 与 分别是样本均值与样本方差，则下列正确的是（ ）。,https://image.zhihuishu.com/zhs/doctrans/docx2html/202012/2e0691186adf4cbe929f118bb9e78d5a.png,2026-09-19 11:33:57,错题采集
910,931999443,设 是来自正态总体 的样本， 为样本均值，则下列结论中正确的是（ ）。,https://image.zhihuishu.com/zhs/doctrans/docx2html/202012/79c52751a56b486fb95e3b1dc6cce86c.png,2026-09-19 11:33:57,错题采集
911,929423673,设 为来自正态总体 的简单随机样本， 与 分别为样本均值与样本方差，下列说法中正确的个数为（ ） ① 统计量 ② 统计量 ③ 统计量 ④ 与 相互独立,2,2026-09-19 11:33:57,错题采集
912,929372766,设总体 ，总体 ，其中 未知，设 是来自总体 的样本， 是来自总体 的样本，两样本独立，则对于假设检验 ，使用的统计量为 .（ ）,对,2026-09-19 11:34:32,错题采集
913,929423680,"设 是来自正态总体 的简单随机样本, 为样本均值, 则 .（ ）",https://image.zhihuishu.com/zhs/question-import/formula/202303/36ba88017a3f447f9b2f0e3ad8e2a134.png,2026-09-19 11:34:32,错题采集
914,929423631,"设总体 服从正态分布 , 其中 为未知参数, 为来自 的简单随机样本, 则下列选项正确的是（ ）.",服从 分布|https://hike-export.oss-cn-hangzhou.aliyuncs.com/paper/dev/20260307/6c1200bc-b8cd-4d90-b201-6f4916a4009a.png,2026-09-19 11:34:32,错题采集
915,929425124,设 是来自正态总体 的简单随机样本，若统计量 服从 分布，则常数 （ ）,https://image.zhihuishu.com/zhs/question-import/formula/202303/9ab11455b40a4d889a31952127345cd5.png,2026-09-19 11:34:32,错题采集
916,929372769,如果从N(μ 1 ，σ 1 2 )和N(μ 2 ，σ 2 2 )两个总体中分别抽取容量为n 1 和n 2 的独立随机样本，那么两个样本的均值差的抽样分布就是N（μ 1 ―μ 2 ， + ） 。（ ）,对,2026-09-19 11:34:32,错题采集
917,929423667,"设 为来自正态总体 的简单随机样本, 统计量 服从 分布, 则常数 及 分布的自由度 分别为",https://image.zhihuishu.com/zhs/question-import/formula/202303/6ccb109382304d9dabe1ac41445f1248.png,2026-09-19 11:34:32,错题采集
918,929423647,"设 为来自正态总体 的简单随机样本, 为样本均值, 为样本方差, 则有（ ）.",https://hike-export.oss-cn-hangzhou.aliyuncs.com/paper/dev/20260111/78336a80-ed6c-48cb-9040-bfdfb2d65b34.png,2026-09-19 11:35:04,错题采集
919,929423648,"设 为来自正态总体 的简单随机样本, 记 , , 则 服从的分布为（ ）.",https://hike-export.oss-cn-hangzhou.aliyuncs.com/paper/dev/20260524/9f62cde0-1b46-4a86-9963-07d404d44d01.png,2026-09-19 11:35:04,错题采集
920,929423626,设随机变量 和 为分别来自两个正态总体 和 的简单随机样本，且它们互相独立， 与 分别为两个样本的样本方差，则服从 分布的统计量是( ).,https://hike-export.oss-cn-hangzhou.aliyuncs.com/paper/dev/20260111/23d278c2-4e7d-4092-ba66-8f2e5c35221b.png,2026-09-19 11:35:04,错题采集
921,929423677,"设 是来自正态总体 的简单随机样本, 记 , 则下列结论不正确的是 .（ ）",服从|https://image.zhihuishu.com/zhs/question-import/formula/202303/9206f9b2acf64f598a2f06fc6d9d4394.png,2026-09-19 11:35:04,错题采集
922,929423657,"设 为来自标准正态总体 的简单随机样本, 若 服从 分布, 则常数 的值为（）.",2,2026-09-19 11:35:04,错题采集
923,929423652,"设 是来自正态总体 的简单随机样本, 为样本均值,则 服从的分布为",https://hike-export.oss-cn-hangzhou.aliyuncs.com/paper/dev/20260307/d5e8c936-3be1-4f69-80c7-275e12c2ff4c.png,2026-09-19 11:35:04,错题采集
924,929425146,"设总体 服从标准正态分布 , 为来自 的简单随机样本, 则样本均值 仍服从标准正态分布 . （ ）",错,2026-09-19 11:35:45,错题采集
925,929372770,如果从N(μ 1 ，σ 1 2 )和N(μ 2 ，σ 2 2 )两个总体中分别抽取容量为n 1 和n 2 的独立随机样本，当n 1 和n 2 逐渐变大时，( )的抽样分布将接近正态分布。（ ）,对,2026-09-19 11:35:45,错题采集
926,929423676,"设 为来自正态总体 的简单随机样本, 令 , , , 则 .（ ）",https://image.zhihuishu.com/zhs/question-import/formula/202303/35c5236ccf594c29b264fea02c835b32.png,2026-09-19 11:35:45,错题采集
927,929423672,"设总体 均服从正态分布 , 和 是分别来自 和 的简单随机样本, 和 是 和 的样本均值, 则 服从的分布为",https://image.zhihuishu.com/zhs/question-import/formula/202303/0b6439e9fae445adb4f55db0f184bc0a.png,2026-09-19 11:35:45,错题采集
928,929423668,"设 为来自正态总体 的简单随机样本, 统计量 服从 分布, 则常数",https://image.zhihuishu.com/zhs/question-import/formula/202303/734e0186729f4161a0b05aa73b273b9d.png,2026-09-19 11:35:45,错题采集
929,929423635,设 为来自正态总体 简单随机样本， 为样本均值，记 ， ， ， ， 则服从自由度为 的 分布的随机变量是（ ）.,https://hike-export.oss-cn-hangzhou.aliyuncs.com/paper/dev/20260111/3e6c1a76-d557-4161-b9e6-46eabe6c4550.png,2026-09-19 11:35:45,错题采集
930,929423638,设 为来自总体 的简单随机样本， 为样本均值， 为样本方差，则下列选项正确的是,https://hike-export.oss-cn-hangzhou.aliyuncs.com/paper/dev/20260622/89e3385e-2883-4970-871d-f63e808277a9.png,2026-09-19 11:36:24,错题采集
931,929423640,设 为来自总体 的简单随机样本， 为样本均值，则下列选项不正确的是（ ）.,服从 分布|https://hike-export.oss-cn-hangzhou.aliyuncs.com/paper/dev/20260524/72474617-ab82-4b2a-836d-b70de9bd50c4.png,2026-09-19 11:36:24,错题采集
932,929423641,"设 和 为分别来自正态总体的样本均值与样本方差, 则下列选项正确的是",和 不相关|https://hike-export.oss-cn-hangzhou.aliyuncs.com/paper/dev/20260524/8de2a48c-cd80-4b09-869e-c70ff5442991.png,2026-09-19 11:36:24,错题采集
933,929423670,"设 为来自正态总体 的简单随机样本, 为样本均值, 为样本方差, 则以下选项错误的是（ ）.",https://image.zhihuishu.com/zhs/question-import/formula/202303/8eff88bcc66749769b6945ed8a3393d6.png,2026-09-19 11:36:24,错题采集
934,929423682,"设总体 与 均服从标准正态分布 , 且 与 相互独立, 是来自 的简单随机样本, 是来自 的简单随机样本, 记 为 的样本均值, 为 的样本均值, 则方差 .（ ）",https://image.zhihuishu.com/zhs/question-import/formula/202303/c77bb53cb8e04fe1b849a3d7b6724835.png,2026-09-19 11:36:24,错题采集
935,932473256,人的身高为随机变量 。 个人的平均身高记为 则下列说法正确的是,https://hike-export.oss-cn-hangzhou.aliyuncs.com/paper/dev/20260523/7154dbbd-4e95-4e5b-974e-eab494717675.png,2026-09-19 11:36:24,错题采集
936,932473113,设总体 服从区间 上的均匀分布 是来自总体 的样本 则,https://hike-export.oss-cn-hangzhou.aliyuncs.com/paper/dev/20260313/a1ebae49-16ad-41dd-9387-fe34a9326317.png,2026-09-19 11:36:48,错题采集
937,929371271,设总体 的概率密度为 ， 是来自总体 的简单随机样本， 是样本均值，参数 的矩估计量 ，极大似然估计量 ，则下列选项正确的是 . （ ）,", ， 是 的无偏估计量， 不是 的无偏估计量|https://image.zhihuishu.com/zhs/question-import/formula/202303/2c2b25a29be748129d1fc839e0c9a5f9.png",2026-09-19 11:37:06,错题采集
938,929371014,"设总体 服从0-1分布 , 其中 为未知参数, 为来自 的简单随机样本, 为样本均值, 为样本方差, 则 的极大似然估计为（ ）.",https://image.zhihuishu.com/zhs/question-import/formula/202303/8d9b4365938545f5b3c8cfd2848acf47.png,2026-09-19 11:37:06,错题采集
939,929371020,"设总体 服从正态分布 , 其中 是未知参数, 是来自 的简单随机样本, 则 的极大似然估计为（ ）．",https://image.zhihuishu.com/zhs/question-import/formula/202303/494f7550a1b340a58ae76332c91caeac.png,2026-09-19 11:37:06,错题采集
940,929371017,"设总体 服从区间 上均匀分布 , 为来自 的简单随机样本, 则 的极大似然估计为（ ）.",https://image.zhihuishu.com/zhs/question-import/formula/202303/5cc341b05a05487eb0d331b88612bb5f.png,2026-09-19 11:37:06,错题采集
941,929370002,对于同一个总体的同一个未知参数，利用矩估计和极大似然估计方法得到的参数的点估计量一定相同. （ ）,错,2026-09-19 11:37:23,错题采集
942,929371307,设总体 服从 上的均匀分布， 为来自 的简单随机样本. 则下列选项（ ）不是 的极大似然估计.,https://image.zhihuishu.com/zhs/question-import/formula/202303/619ce33721234b13992bf009ce949f79.png,2026-09-19 11:37:23,错题采集
943,931999477,设 是来自正态分布总体 的样本，其中 已知，则总体方差的最大似然估计量是（ ）。,https://image.zhihuishu.com/zhs/doctrans/docx2html/202012/16b0e4be6b2e49a299046ac9431d7489.png,2026-09-19 11:37:23,错题采集
944,929370006,"设 是总体分布中未知参数 的极大似然估计量, 则 也是 的极大似然估计量. （ ）",对,2026-09-19 11:37:23,错题采集
945,929371023,"设总体 服从参数为 的指数分布, 其概率密度为 其中 未知, 记 则 的极大似然估计为（ ）.",https://image.zhihuishu.com/zhs/question-import/formula/202303/91b8246fc9d6470b97aded60d1f39b2c.png,2026-09-19 11:37:23,错题采集
946,929371273,设 为来自总体 的简单随机样本，下列说法中正确的个数为 .（ ） ① 若 ，则 的矩估计量与极大似然估计量相同 ② 若 ，则 的矩估计量与极大似然估计量相同 ③ 若 ，则 的极大似然估计量为 ④ 若 ，则 的矩估计量是 的无偏估计量与一致估计量,4,2026-09-19 11:37:23,错题采集
947,932473350,设随机变量 的分布函数、概率密度分别为 ，若 ，则下列结论中不正确的是,是某一随机变量概率密度的充要条件是|https://hike-export.oss-cn-hangzhou.aliyuncs.com/paper/dev/20260326/f31cf697-6cdb-4f73-9a66-cb96b13d8c01.png,2026-09-19 11:38:01,错题采集
948,932473142,"设随机变量 的密度函数为 , 满足 是 的分布函数 , 则对任意实数 有 ( ) .",https://hike-export.oss-cn-hangzhou.aliyuncs.com/paper/dev/20260311/833dfc46-458a-4f6f-ac23-af427f9b3648.png,2026-09-19 11:38:01,错题采集
949,931999496,( ),1/2,2026-09-19 11:38:31,错题采集
950,932473351,设随机变量 的概率密度 是偶函数，分布函数为 ，则,https://hike-export.oss-cn-hangzhou.aliyuncs.com/paper/dev/20260523/79a89fae-9055-4941-a945-a4a8e5e66c20.png,2026-09-19 11:38:31,错题采集
951,932473098,设随机变量 的分布函数 则 .,https://hike-export.oss-cn-hangzhou.aliyuncs.com/paper/dev/20260523/ce958046-c9aa-493c-819d-2e722059429d.png,2026-09-19 11:39:02,错题采集
952,931999513,下列函数中，可作为某随机变量X的密度函数的是( ),https://image.zhihuishu.com/zhs/doctrans/docx2html/202012/ec7944462f5442f8b00e6b6815723b42.png,2026-09-19 11:39:02,错题采集
953,932473314,随机变量 服从正态分布 ，则随着 的增大，概率 将会,保持不变,2026-09-19 11:39:43,错题采集
954,931999512,下列陈述正确的命题是( ),https://image.zhihuishu.com/zhs/doctrans/docx2html/202012/9b3d2d1f25944866b4acf9cc7b5ee12f.png,2026-09-19 11:39:43,错题采集
955,931999511,( ),9,2026-09-19 11:39:43,错题采集
956,932473178,设随机变量 服从正态分布 ，且二次方程 无实根的概率为 则,4,2026-09-19 11:39:43,错题采集
957,932473395,设连续型随机变量 的分布函数 则 成立,https://hike-export.oss-cn-hangzhou.aliyuncs.com/paper/dev/20260311/806be8e1-3e5f-4860-8536-08ffbebeda36.png,2026-09-19 11:39:43,错题采集
958,932473407,设随机变量 的概率密度为 则常数 等于,https://hike-export.oss-cn-hangzhou.aliyuncs.com/paper/dev/20260323/5e89abdd-89be-4e9b-813a-3ba6c74bbc73.png,2026-09-19 11:40:14,错题采集
959,932473348,设随机变量 服从正态分布 ， 服从正态分布 ，且 ，则必有,https://hike-export.oss-cn-hangzhou.aliyuncs.com/paper/dev/20260326/b5266b9d-909b-4d42-affb-46eba059b5d2.png,2026-09-19 11:40:14,错题采集
960,932473235,若函数 是一随机变量的概率密度，则一定成立的是,为非负函数|https://hike-export.oss-cn-hangzhou.aliyuncs.com/paper/dev/20260523/a11810da-ba34-4aa7-aa93-66300ff4e89d.png,2026-09-19 11:40:14,错题采集
961,932473320,设连续型随机变量 的分布函数为 ，则,https://hike-export.oss-cn-hangzhou.aliyuncs.com/paper/dev/20260311/edbf1875-7aa3-47e6-a3cf-ec489c84e727.png,2026-09-19 11:40:14,错题采集
962,929346105,随机变量的类型分为两种：离散型随机变量和连续型随机变量. （ ）,错,2026-09-19 11:40:53,错题采集
963,932473312,设随机变量 的密度函数为 ，则,https://hike-export.oss-cn-hangzhou.aliyuncs.com/paper/dev/20260626/80e68311-7eef-45ab-b88a-957f18b62314.png,2026-09-19 11:40:53,错题采集
964,931999509,( ),https://image.zhihuishu.com/zhs/doctrans/docx2html/202012/0cd22529832c48fd84d32cccae08afd4.png,2026-09-19 11:40:53,错题采集
965,932473334,设 服从正态分布 ，且二次方程 无实根的概率为 ，则,https://hike-export.oss-cn-hangzhou.aliyuncs.com/paper/dev/20260530/5fcabb4e-baaa-49dc-ab74-40d2eeede1c3.png,2026-09-19 11:40:53,错题采集
966,932473329,设随机变量 的密度函数为 ，则 的值为,https://hike-export.oss-cn-hangzhou.aliyuncs.com/paper/dev/20260626/2a2659d2-6030-47ee-b146-a3945bec652e.png,2026-09-19 11:41:30,错题采集
967,932473401,设随机变量 有密度函数 已知 则常数,https://hike-export.oss-cn-hangzhou.aliyuncs.com/paper/dev/20260523/7b0a253c-190c-4f0c-a510-6d6a148775c1.png,2026-09-19 11:41:30,错题采集
968,932473429,设随机变量 的概率密度为 ；则,https://hike-export.oss-cn-hangzhou.aliyuncs.com/paper/dev/20260311/ce617373-f840-420b-b214-9759e7412f02.png,2026-09-19 11:41:30,错题采集
969,932473328,"设随机变量 的密度函数为 , 的值是",https://hike-export.oss-cn-hangzhou.aliyuncs.com/paper/dev/20260523/ad800b67-cc45-47e5-ab8e-44ac00b3ddd0.png,2026-09-19 11:41:30,错题采集
970,932473343,假设随机变量 服从指数分布，则随机变量 的分布函数,恰好有一个间断点,2026-09-19 11:41:30,错题采集
971,932473206,已知随机变量 ，且 ，则 ______ ____。,2，9,2026-09-19 11:41:58,错题采集
972,932473347,设随机变量 服从正态分布 ，则随 的增大，概率,保持不变,2026-09-19 11:41:58,错题采集
973,931999510,( ),1/3,2026-09-19 11:41:58,错题采集
974,931999508,某工厂生产的零件合格率约为99%，零件出厂时每200个装一盒. 设每盒中不合格数为X，则X通常服从( ),二项分布,2026-09-19 11:41:58,错题采集
975,932473418,已知随机变量 的概率密度为 ， ，则,https://hike-export.oss-cn-hangzhou.aliyuncs.com/paper/dev/20260603/17a8496d-a935-4ccc-9add-88c81bab419d.png,2026-09-19 11:41:58,错题采集
976,932473353,"设随机变量 服从正态分布 为标准正态分布函数,已知 ,则",https://hike-export.oss-cn-hangzhou.aliyuncs.com/paper/dev/20260905/1d8ad66b-b544-4737-9f57-cc1bb00eed24.png,2026-09-19 11:41:58,错题采集
977,931999501,( ),https://image.zhihuishu.com/zhs/doctrans/docx2html/202012/85b8085a4402430ea1de3d72c950a7f5.png,2026-09-19 11:46:17,错题采集
978,932473167,设 是 上的连续型随机变量，并且 ，若 ，则确定常数 ______ ，使得 （请用分数形式作答，例1/2）,7/10,2026-09-19 11:46:17,错题采集
979,932473326,设随机变量 的密度函数为 ，如果 ，则 的密度函数为,https://hike-export.oss-cn-hangzhou.aliyuncs.com/paper/dev/20260316/33e25737-c5b7-4a7a-ae97-2b861d26fd6c.png,2026-09-19 11:47:45,错题采集
980,932473123,已知随机变量 的概率密度为 令 则 的概率密度 为( ),https://hike-export.oss-cn-hangzhou.aliyuncs.com/paper/dev/20260316/edb41dd0-b044-483f-9772-a3a76b4a49e5.png,2026-09-19 11:47:45,错题采集
981,932473417,已知随机变量 的概率分布为 设 ，则,https://hike-export.oss-cn-hangzhou.aliyuncs.com/paper/dev/20260311/7de0cf17-1d80-476a-9471-49ae0e7e13bf.png,2026-09-19 11:47:45,错题采集
982,932473330,设随机变量 的分布函数 如果 ，则 的密度函数为,https://hike-export.oss-cn-hangzhou.aliyuncs.com/paper/dev/20260311/a52e2ac3-0d21-4099-99dd-ca7c7077b86d.png,2026-09-19 11:49:06,错题采集
983,932473117,设 是连续型随机变量 的分布函数 而 是 的概率密度 已知 和 有相同的概率分布 则,https://hike-export.oss-cn-hangzhou.aliyuncs.com/paper/dev/20260523/0b2eabc1-991c-4bc2-a742-58c556569c54.png,2026-09-19 11:49:06,错题采集
984,932473325,随机变量 的分布函数为 ，则 的概率密度为,https://hike-export.oss-cn-hangzhou.aliyuncs.com/paper/dev/20260311/f403e010-6432-40cc-a8b4-8fe7a1abbdd4.png,2026-09-19 11:49:06,错题采集
985,932473333,设 是 上的连续型随机变量，并且 ，若 ，且 ，则,https://hike-export.oss-cn-hangzhou.aliyuncs.com/paper/dev/20260316/9ab42ffa-5296-4db2-8e1e-c2dc445a04b4.png,2026-09-19 11:49:06,错题采集
986,932473313,设随机变量 的密度函数为 ，则 的密度函数为,https://hike-export.oss-cn-hangzhou.aliyuncs.com/paper/dev/20260523/b417cdf5-6efb-419e-836f-9be6ac143760.png,2026-09-19 11:50:05,错题采集
987,932473141,"设随机变量 的密度函数为 , 则 的密度函数为 ( )",https://hike-export.oss-cn-hangzhou.aliyuncs.com/paper/dev/20260316/56a0a448-dc41-429d-a1fa-722a72d4289b.png,2026-09-19 11:50:05,错题采集
988,932473427,设随机变量 ，则 所服从的分布为,https://hike-export.oss-cn-hangzhou.aliyuncs.com/paper/dev/20260311/09029064-acf0-4d7d-9879-d7a721dd5579.png,2026-09-19 11:50:05,错题采集
989,929346103,正态随机变量的任意函数仍服从正态分布.（ ）,错,2026-09-19 11:50:05,错题采集
990,932473324,设随机变量 的概率密度函数为 ，求 的分布函数为,https://hike-export.oss-cn-hangzhou.aliyuncs.com/paper/dev/20260316/f7de9d46-886e-4f7a-99e3-fd48a6747dc8.png,2026-09-19 11:50:05,错题采集
991,932473116,设随机变量 的绝对值不大于 在 的条件下 在任意区间 取值的概率与 成正比 则 的分布函数（,至少有两个间断点,2026-09-19 11:50:05,错题采集
992,929346334,"设随机变量 和 都服从如下分布 且满足 , 则 （）. （ ）",0,2026-09-19 12:00:24,错题采集
993,932473231,设平面区域 由曲线 及直线 所围成，二维随机变量 在区域 上服从于均匀分布，则 关于 的边缘概率密度函数在 处的值为（请用分数形式作答，例1/2）,1/4,2026-09-19 12:00:24,错题采集
994,932473261,设 是任意两个互相独立的连续型随机变量，它们的概率密度分别为 和 ，分布函数分别为 和 ，则,必为分布函数|https://hike-export.oss-cn-hangzhou.aliyuncs.com/paper/dev/20260311/8f961f97-d87e-4237-807b-de1aaf33a53b.png,2026-09-19 12:01:09,错题采集
995,929346327,二维正态分布随机变量的边缘分布（）.,必为一维正态分布,2026-09-19 12:01:09,错题采集
996,929346337,设随机变量 的分布函数为 则 的边缘分布函数为（）.,https://hike-export.oss-cn-hangzhou.aliyuncs.com/paper/dev/20260522/0beda5e1-df7b-422a-b177-c15b2894c104.png,2026-09-19 12:01:51,错题采集
997,932473215,设 都服从正态分布 且 则 （请用分数形式作答，例1/2）,1/4,2026-09-19 12:01:51,错题采集
998,932473115,设随机变量 和 有相同的概率分布 则下列各条件中 不能决定随机变量 和 的联合分布的是（),https://hike-export.oss-cn-hangzhou.aliyuncs.com/paper/dev/20260523/cdc27539-0210-4a10-b36d-499d5aad4380.png,2026-09-19 12:01:51,错题采集
999,932473202,服从二维正态分布 ，则 的边缘分布服从分布,"N(0,4)",2026-09-19 12:01:51,错题采集
1000,932473156,设随机变量 和 相互独立，其概率分布为 则下面式子正确的是 （）,https://hike-export.oss-cn-hangzhou.aliyuncs.com/paper/dev/20260529/16674fc8-eb2b-41ad-8eaf-fcb62bb2f107.png,2026-09-19 12:03:28,错题采集
1001,932473247,设随机变量 和 都服从正态分布，且它们不相关，则,和 未必独立|https://hike-export.oss-cn-hangzhou.aliyuncs.com/paper/dev/20260523/a70b1418-b52a-4580-bbe4-e73ce26d64fe.png,2026-09-19 12:04:35,错题采集
1002,929346269,"设 与 为随机变量, 则对任意实数 与 , 总有",错,2026-09-19 12:04:35,错题采集
1003,932473232,设随机变量 相互独立且同分布， ，则有,https://hike-export.oss-cn-hangzhou.aliyuncs.com/paper/dev/20260311/8a88d27f-7823-4855-a3c9-d500385b9a62.png,2026-09-19 12:06:31,错题采集
1004,929347282,设 是相互独立的随机变量，其分布函数分别为 ，则 的分布函数是（ ）,https://hike-export.oss-cn-hangzhou.aliyuncs.com/paper/dev/20260523/e8a0482d-856b-489c-8b16-965b0c854057.png,2026-09-19 12:09:08,错题采集
1005,932473279,设二维随机向量 的联合概率密度为 则 与 为 （ ） 的随机变量。,不独立同分布,2026-09-19 12:09:08,错题采集
1006,932473130,"设 皆服从参数 的 分布 , 且相互独立 , 令 则",0.25,2026-09-19 12:09:58,错题采集
1007,932473230,设 的联合概率分布列为 若 相互独立，则 （请用分数形式作答，例1/2）,1/6,2026-09-19 12:11:38,错题采集
1008,929346275,"设随机变量 与 相互独立, 则对任意实数 与 , 有",对,2026-09-19 12:11:38,错题采集
1009,932473194,设随机变量 与 相互独立，且 则 （请用分数形式作答，例1/2）,1/2,2026-09-19 12:14:54,错题采集
1010,931999523,，若 独立，则 的值为（ ）,https://image.zhihuishu.com/zhs/doctrans/docx2html/202012/54593e4876d54cc680c8b5693d1bcd21.png,2026-09-19 12:14:54,错题采集
1011,929369000,设随机变量 和 都服从正态分布，且它们不相关，则 和 一定独立. （ ）,错,2026-09-19 12:14:54,错题采集
1012,929346747,设二维随机变量 的分布律为 且 与 相互独立，则下列选项正确的是（）,https://hike-export.oss-cn-hangzhou.aliyuncs.com/paper/dev/20260115/3d8e1e0f-1582-4b37-bf7a-29782742e18d.png,2026-09-19 12:16:48,错题采集
1013,932473304,设二维随机变量 服从于二维正态分布，则下列说法不正确的是,一定相互独立|https://hike-export.oss-cn-hangzhou.aliyuncs.com/paper/dev/20260523/823c919b-7751-43d5-bde8-6635cc073a2e.png,2026-09-19 12:16:48,错题采集
1014,932473285,"二维随机变量 中 与 相互独立,则 ( ) 一定不成立。",https://hike-export.oss-cn-hangzhou.aliyuncs.com/paper/dev/20260321/9a3df77e-bb24-4418-ac8b-67e215aa7503.png,2026-09-19 12:16:48,错题采集
1015,932473283,若 的联合概率分布如下图所示，则 （ ） 时， 与 相互独立。,https://hike-export.oss-cn-hangzhou.aliyuncs.com/paper/dev/20260316/c263e077-cc54-43bd-9653-bb3acd3817e3.png,2026-09-19 12:16:48,错题采集
1016,932473263,设离散型随机变量 和 的联合概率分布为 若 独立，则 的值为,https://hike-export.oss-cn-hangzhou.aliyuncs.com/paper/dev/20260319/be6f3297-3a2f-43d9-a629-b289033b8968.png,2026-09-19 12:16:48,错题采集
1017,932473185,已知 的概率分布分别为： 与 相互独立，则 ____， ______。（请用分数形式作答，例1/2）,6/11，36/49,2026-09-19 12:16:48,错题采集
1018,932473288,已知离散型随机变量 的所有可能取值为 ，且 ，则对应于 的概率 为,https://hike-export.oss-cn-hangzhou.aliyuncs.com/paper/dev/20260623/42172a26-a453-4195-8fae-9d0f5c04631d.png,2026-09-19 12:17:45,错题采集
1019,929369006,设随机变量 与 相互独立，且 ，则 . （ ）,44.,2026-09-19 12:17:45,错题采集
1020,932473138,"设 且 与 相互独立 , 则",https://hike-export.oss-cn-hangzhou.aliyuncs.com/paper/dev/20251231/bf4984a6-2ed2-48ae-b283-267ec774dbf5.png,2026-09-19 12:17:45,错题采集
1021,932473267,设随机变量 的分布密度为 则,https://hike-export.oss-cn-hangzhou.aliyuncs.com/paper/dev/20260524/11e02b4a-4004-41df-be4b-e72c30ceea7d.png,2026-09-19 12:19:01,错题采集
1022,932473268,设随机变量 的分布列为 则,https://hike-export.oss-cn-hangzhou.aliyuncs.com/paper/dev/20260321/657ab74d-a82e-41f4-9316-514604057c6c.png,2026-09-19 12:23:27,错题采集
1023,932473196,若随机变量 ，且 与 相互独立。设 ，则,"N(2,13)",2026-09-19 12:29:09,错题采集
1024,932473200,若随机变量 ，且 与 相互独立。设 ，则,"N(-2,25)",2026-09-19 12:29:09,错题采集
1025,932473203,一次试验的成功率为 ，进行 次独立重复试验，当 _____ 时 ， 成功次数的方差的值最大，最大值为 _____。,1/2，25,2026-09-19 12:29:09,错题采集
1026,932473181,设随机变量 ，二者相互独立，则 服从分布,"N(0,3)",2026-09-19 12:29:09,错题采集
1027,932473209,设 相互独立， 的概率密度为 则 _____ ____。,"-14,147",2026-09-19 12:29:09,错题采集
1028,932473188,若随机变量 ，且 与 相互独立。设 ，则,"N(7,29)",2026-09-19 12:29:09,错题采集
1029,929423659,"设 是来自正态总体 的简单随机样本, 记 , 则下列结论不正确的是",服从|https://hike-export.oss-cn-hangzhou.aliyuncs.com/paper/dev/20260523/3809f68c-178b-47b7-b2e3-85f27b81222b.png,2026-09-19 12:29:44,错题采集
1030,929423636,设随机变量 服从 分布 ， ，则 服从的分布为,https://hike-export.oss-cn-hangzhou.aliyuncs.com/paper/dev/20260115/20440790-000e-4102-a41e-8eb3dda8fb41.png,2026-09-19 12:30:55,错题采集
1031,929423649,"设随机变量 和 都服从标准正态分布且相互独立, 则下列选项不正确的是（ ）.",服从 分布|https://hike-export.oss-cn-hangzhou.aliyuncs.com/paper/dev/20251230/097c3a3b-d9b9-4e3f-ace5-02e614bc7bcf.png,2026-09-19 12:30:55,错题采集
1032,929423666,"设 为来自正态总体 的简单随机样本, 统计量 服从 分布, 则常数 （ ）.",https://image.zhihuishu.com/zhs/question-import/formula/202303/06d171dbccca43aa8ccf5281b562c0bc.png,2026-09-19 12:31:25,错题采集
1033,929423643,"设随机变量 服从 分布, 则下列选项正确的是（ ）.",https://hike-export.oss-cn-hangzhou.aliyuncs.com/paper/dev/20260523/123b7c58-503e-497c-b484-7df5283f4208.png,2026-09-19 12:31:25,错题采集
1034,931999444,如果 ， ，则 。（ ）,错,2026-09-19 12:31:55,错题采集
1035,929425125,为来自正态总体 的简单随机样本，设 若使随机变量 服从 分布，则常数 。（ ）,https://image.zhihuishu.com/zhs/question-import/formula/202303/6ad9f8be26e6497a83fe53177a5438fb.png,2026-09-19 12:32:29,错题采集
1036,929423633,设随机变量 相互独立，且都服从正态分布 ，若 服从 分布，则 和 分别为,https://hike-export.oss-cn-hangzhou.aliyuncs.com/paper/dev/20260307/8837b76f-3355-46e1-bcca-c215a65df9a8.png,2026-09-19 12:32:29,错题采集
1037,929423624,设随机变量 和 都服从标准正态分布，则下列选项正确的是,和 都服从 分布|https://hike-export.oss-cn-hangzhou.aliyuncs.com/paper/dev/20260309/fdc97259-466d-4116-94e8-115da0850acf.png,2026-09-19 12:32:29,错题采集
1038,929423630,设 为来自 分布总体的简单随机样本， 为样本均值，则下列选项正确的是（ ）.,https://hike-export.oss-cn-hangzhou.aliyuncs.com/paper/dev/20251231/e3ef690d-a529-4b7c-976b-7775722214cd.png,2026-09-19 12:32:29,错题采集
1039,929423678,"设随机变量 服从 分布, 服从 分布, 常数c满足 , 则 .（ ）",0.2,2026-09-19 12:33:03,错题采集
1040,929423639,随机变量 服从自由度为 的 分布，已知 满足条件 ，则 （ ）.,https://hike-export.oss-cn-hangzhou.aliyuncs.com/paper/dev/20260111/10cd648b-c21c-41da-abc7-e65acf9bdce8.png,2026-09-19 12:33:03,错题采集
1041,929423632,设随机变量 和 都服从标准正态分布且相互独立，则下列选项不正确的是,服从 分布|https://hike-export.oss-cn-hangzhou.aliyuncs.com/paper/dev/20260307/df6326e8-1949-48b9-8c29-dd53a675b7da.png,2026-09-19 12:33:03,错题采集
1042,929425135,服从自由度为 的 分布的随机变量，其数学期望和方差都与自由度无关. （ ）,错,2026-09-19 12:33:03,错题采集
1043,929423650,"设随机变量 服从 分布 , , 则 服从的分布为（）.",https://hike-export.oss-cn-hangzhou.aliyuncs.com/paper/dev/20260524/f0799b97-26ba-4195-81b5-8131c79db7e9.png,2026-09-19 12:33:33,错题采集
1044,929423644,"设 是来自正态总体 的简单随机样本, 已知统计量 服从 分布, 则 的值为（ ）.",",|https://hike-export.oss-cn-hangzhou.aliyuncs.com/paper/dev/20251230/9560a764-736e-44af-9990-ee945db8dd43.png",2026-09-19 12:33:33,错题采集
1045,929423679,"设 为来自标准正态总体 的简单随机样本, 若 服从 分布, 则常数 .（ ）",2,2026-09-19 12:33:33,错题采集
1046,929423634,设随机变量 服从正态分布 ， 服从 分布，且 与 相互独立，令 ，则 服从的分布为（）.,https://hike-export.oss-cn-hangzhou.aliyuncs.com/paper/dev/20260522/7d7bcbf6-1850-4c48-9fb3-eb0a7b1c4b73.png,2026-09-19 12:33:33,错题采集
1047,929423665,"设随机变量 服从 分布, 则 分别为（）.","5, 10",2026-09-19 12:33:33,错题采集
1048,932473159,设总体 为取自 的样本，则 服从的分布为,"F(1,1)",2026-09-19 12:33:33,错题采集
